/*
Navicat MySQL Data Transfer

Source Server         : localhost
Source Server Version : 50711
Source Host           : localhost:3306
Source Database       : oa

Target Server Type    : MYSQL
Target Server Version : 50711
File Encoding         : 65001

Date: 2017-02-17 14:53:22
*/

SET FOREIGN_KEY_CHECKS=0;

-- ----------------------------
-- Table structure for act_evt_log
-- ----------------------------
DROP TABLE IF EXISTS `act_evt_log`;
CREATE TABLE `act_evt_log` (
  `LOG_NR_` bigint(20) NOT NULL AUTO_INCREMENT,
  `TYPE_` varchar(64) COLLATE utf8_bin DEFAULT NULL,
  `PROC_DEF_ID_` varchar(64) COLLATE utf8_bin DEFAULT NULL,
  `PROC_INST_ID_` varchar(64) COLLATE utf8_bin DEFAULT NULL,
  `EXECUTION_ID_` varchar(64) COLLATE utf8_bin DEFAULT NULL,
  `TASK_ID_` varchar(64) COLLATE utf8_bin DEFAULT NULL,
  `TIME_STAMP_` timestamp(3) NOT NULL DEFAULT CURRENT_TIMESTAMP(3) ON UPDATE CURRENT_TIMESTAMP(3),
  `USER_ID_` varchar(255) COLLATE utf8_bin DEFAULT NULL,
  `DATA_` longblob,
  `LOCK_OWNER_` varchar(255) COLLATE utf8_bin DEFAULT NULL,
  `LOCK_TIME_` timestamp(3) NULL DEFAULT NULL,
  `IS_PROCESSED_` tinyint(4) DEFAULT '0',
  PRIMARY KEY (`LOG_NR_`)
) ENGINE=InnoDB DEFAULT CHARSET=utf8 COLLATE=utf8_bin;

-- ----------------------------
-- Records of act_evt_log
-- ----------------------------

-- ----------------------------
-- Table structure for act_ge_bytearray
-- ----------------------------
DROP TABLE IF EXISTS `act_ge_bytearray`;
CREATE TABLE `act_ge_bytearray` (
  `ID_` varchar(64) COLLATE utf8_bin NOT NULL,
  `REV_` int(11) DEFAULT NULL,
  `NAME_` varchar(255) COLLATE utf8_bin DEFAULT NULL,
  `DEPLOYMENT_ID_` varchar(64) COLLATE utf8_bin DEFAULT NULL,
  `BYTES_` longblob,
  `GENERATED_` tinyint(4) DEFAULT NULL,
  PRIMARY KEY (`ID_`),
  KEY `ACT_FK_BYTEARR_DEPL` (`DEPLOYMENT_ID_`),
  CONSTRAINT `ACT_FK_BYTEARR_DEPL` FOREIGN KEY (`DEPLOYMENT_ID_`) REFERENCES `act_re_deployment` (`ID_`)
) ENGINE=InnoDB DEFAULT CHARSET=utf8 COLLATE=utf8_bin;

-- ----------------------------
-- Records of act_ge_bytearray
-- ----------------------------
INSERT INTO `act_ge_bytearray` VALUES ('0ef169687ce144fda70fc1d90540a701', '1', 'source', null, 0x7B226964223A2263616E766173222C227265736F757263654964223A2263616E766173222C227374656E63696C736574223A7B226E616D657370616365223A22687474703A2F2F62336D6E2E6F72672F7374656E63696C7365742F62706D6E322E3023227D7D, null);
INSERT INTO `act_ge_bytearray` VALUES ('1a107e262d1747b69a2eda6d61417bf9', '1', 'source', null, 0x7B226964223A2263616E766173222C227265736F757263654964223A2263616E766173222C227374656E63696C736574223A7B226E616D657370616365223A22687474703A2F2F62336D6E2E6F72672F7374656E63696C7365742F62706D6E322E3023227D7D, null);
INSERT INTO `act_ge_bytearray` VALUES ('42122fce5952476783bf465d9b2b4908', '1', 'source', null, 0x7B226964223A2263616E766173222C227265736F757263654964223A2263616E766173222C227374656E63696C736574223A7B226E616D657370616365223A22687474703A2F2F62336D6E2E6F72672F7374656E63696C7365742F62706D6E322E3023227D7D, null);
INSERT INTO `act_ge_bytearray` VALUES ('631353aa92694f55982775cc3ed62e4a', '3', 'source', null, 0x7B227265736F757263654964223A223064336532656538323038613430646439306464363234333164646563343631222C2270726F70657274696573223A7B2270726F636573735F6964223A2270726F63657373222C226E616D65223A22222C22646F63756D656E746174696F6E223A22222C2270726F636573735F617574686F72223A22222C2270726F636573735F76657273696F6E223A22222C2270726F636573735F6E616D657370616365223A22687474703A2F2F7777772E61637469766974692E6F72672F70726F63657373646566222C22657865637574696F6E6C697374656E657273223A22222C226576656E746C697374656E657273223A22222C227369676E616C646566696E6974696F6E73223A22222C226D657373616765646566696E6974696F6E73223A22227D2C227374656E63696C223A7B226964223A2242504D4E4469616772616D227D2C226368696C64536861706573223A5B7B227265736F757263654964223A227369642D38303046363632372D354535342D343732362D393643362D453742354135413138383131222C2270726F70657274696573223A7B226F766572726964656964223A22222C226E616D65223A22222C22646F63756D656E746174696F6E223A22222C22657865637574696F6E6C697374656E657273223A22222C22696E69746961746F72223A22222C22666F726D6B6579646566696E6974696F6E223A22222C22666F726D70726F70657274696573223A22227D2C227374656E63696C223A7B226964223A2253746172744E6F6E654576656E74227D2C226368696C64536861706573223A5B5D2C226F7574676F696E67223A5B7B227265736F757263654964223A227369642D37393337303339462D393734372D344331412D393345342D313236334431443946333230227D5D2C22626F756E6473223A7B226C6F7765725269676874223A7B2278223A3130342E37352C2279223A3134397D2C2275707065724C656674223A7B2278223A37342E37352C2279223A3131397D7D2C22646F636B657273223A5B5D7D2C7B227265736F757263654964223A227369642D42444139443842442D323232422D344537332D384338412D373733334539444230363937222C2270726F70657274696573223A7B226F766572726964656964223A22222C226E616D65223A22E9A286E5AFBCE5AEA1E689B9222C22646F63756D656E746174696F6E223A22222C226173796E6368726F6E6F7573646566696E6974696F6E223A2266616C7365222C226578636C7573697665646566696E6974696F6E223A2266616C7365222C22657865637574696F6E6C697374656E657273223A22222C226D756C7469696E7374616E63655F74797065223A224E6F6E65222C226D756C7469696E7374616E63655F63617264696E616C697479223A22222C226D756C7469696E7374616E63655F636F6C6C656374696F6E223A22222C226D756C7469696E7374616E63655F7661726961626C65223A22222C226D756C7469696E7374616E63655F636F6E646974696F6E223A22222C226973666F72636F6D70656E736174696F6E223A2266616C7365222C22757365727461736B61737369676E6D656E74223A22222C22666F726D6B6579646566696E6974696F6E223A22222C2264756564617465646566696E6974696F6E223A22222C227072696F72697479646566696E6974696F6E223A22222C22666F726D70726F70657274696573223A22222C227461736B6C697374656E657273223A22227D2C227374656E63696C223A7B226964223A22557365725461736B227D2C226368696C64536861706573223A5B5D2C226F7574676F696E67223A5B7B227265736F757263654964223A227369642D44433032463134412D353037382D344143442D383732462D324439433438444237413339227D5D2C22626F756E6473223A7B226C6F7765725269676874223A7B2278223A3330302E37352C2279223A3137347D2C2275707065724C656674223A7B2278223A3230302E37352C2279223A39347D7D2C22646F636B657273223A5B5D7D2C7B227265736F757263654964223A227369642D46443146353031302D333135422D343742332D383139352D383134433835394234324130222C2270726F70657274696573223A7B226F766572726964656964223A22222C226E616D65223A22222C22646F63756D656E746174696F6E223A22222C22657865637574696F6E6C697374656E657273223A22227D2C227374656E63696C223A7B226964223A22456E644E6F6E654576656E74227D2C226368696C64536861706573223A5B5D2C226F7574676F696E67223A5B5D2C22626F756E6473223A7B226C6F7765725269676874223A7B2278223A3431382C2279223A3134387D2C2275707065724C656674223A7B2278223A3339302C2279223A3132307D7D2C22646F636B657273223A5B5D7D2C7B227265736F757263654964223A227369642D37393337303339462D393734372D344331412D393345342D313236334431443946333230222C2270726F70657274696573223A7B226F766572726964656964223A22222C226E616D65223A22222C22646F63756D656E746174696F6E223A22222C22636F6E646974696F6E73657175656E6365666C6F77223A22222C22657865637574696F6E6C697374656E657273223A22222C2264656661756C74666C6F77223A2266616C7365227D2C227374656E63696C223A7B226964223A2253657175656E6365466C6F77227D2C226368696C64536861706573223A5B5D2C226F7574676F696E67223A5B7B227265736F757263654964223A227369642D42444139443842442D323232422D344537332D384338412D373733334539444230363937227D5D2C22626F756E6473223A7B226C6F7765725269676874223A7B2278223A3230302E363935333132352C2279223A3133347D2C2275707065724C656674223A7B2278223A3130352E32313438343337352C2279223A3133347D7D2C22646F636B657273223A5B7B2278223A31352C2279223A31357D2C7B2278223A35302C2279223A34307D5D2C22746172676574223A7B227265736F757263654964223A227369642D42444139443842442D323232422D344537332D384338412D373733334539444230363937227D7D2C7B227265736F757263654964223A227369642D44433032463134412D353037382D344143442D383732462D324439433438444237413339222C2270726F70657274696573223A7B226F766572726964656964223A22222C226E616D65223A22222C22646F63756D656E746174696F6E223A22222C22636F6E646974696F6E73657175656E6365666C6F77223A22222C22657865637574696F6E6C697374656E657273223A22222C2264656661756C74666C6F77223A2266616C7365227D2C227374656E63696C223A7B226964223A2253657175656E6365466C6F77227D2C226368696C64536861706573223A5B5D2C226F7574676F696E67223A5B7B227265736F757263654964223A227369642D46443146353031302D333135422D343742332D383139352D383134433835394234324130227D5D2C22626F756E6473223A7B226C6F7765725269676874223A7B2278223A3338392E3833303037383132352C2279223A3133347D2C2275707065724C656674223A7B2278223A3330302E3833373839303632352C2279223A3133347D7D2C22646F636B657273223A5B7B2278223A35302C2279223A34307D2C7B2278223A31342C2279223A31347D5D2C22746172676574223A7B227265736F757263654964223A227369642D46443146353031302D333135422D343742332D383139352D383134433835394234324130227D7D5D2C22626F756E6473223A7B226C6F7765725269676874223A7B2278223A313230302C2279223A313035307D2C2275707065724C656674223A7B2278223A302C2279223A307D7D2C227374656E63696C736574223A7B2275726C223A227374656E63696C736574732F62706D6E322E302F62706D6E322E302E6A736F6E222C226E616D657370616365223A22687474703A2F2F62336D6E2E6F72672F7374656E63696C7365742F62706D6E322E3023227D2C227373657874656E73696F6E73223A5B5D7D, null);
INSERT INTO `act_ge_bytearray` VALUES ('83d967aa4d3046c08f74b023d6427498', '2', 'source-extra', null, 0x89504E470D0A1A0A0000000D49484452000001D4000000E00806000000BABB9763000000206348524D00007A26000080840000FA00000080E8000075300000EA6000003A98000017709CBA513C0000000467414D410000B18E7CFB5193000000017352474200AECE1CE900000006624B474400FF00FF00FFA0BDA793000000097048597300000EC400000EC401952B0E1B000014FC4944415478DAEDDD097094659EC7F1A73B21078490831B0441C1008A4851A00C083808780CC2081265E528976B673C9045C16B5D718AD2851A1D1D99104096FBAC45C1234821481045D4702D02E1260921914008241DBA3BFBFFBF9BCE34984042D29DEBFBA97AAB8FF4014F3FFDFCDEE7799FF76963000000000000000000000000000000000000000000000000000000000000000000000000000000000000000000000000000000000000000000000000000000000000000000000000000000000000000000000000000000000000000000000000000000000000000000000000000000000000000000000000000000000000000000000000000000000000000000000000000000000000000000000000000000000000000000000000000000000000000000000000000000000000000000000000000000000000000000000000000000000000000000000000000000000000000000000000000000000000000000000000000000000000000000000000000000007FB1510440D9EDDCB9F3F776BB7DB2C3E1E891979717ED76BBF92E95B731B2D94CDDBA757365FB45B68FDBB56B3747EE7352322050811A68F3E6CD9D828282D6141414B46FDAB4A9BD418306A67EFDFA46C295C22927D92931393939263B3BDBA4A7A76B99664544448C8F89895943E98040056A906DDBB6FDC1E572AD6DD5AA559DE6CD9B5B3D2AF84E6A6AAA3971E28491B2FEA07DFBF6CF5122A8EA022802A074612ABDD2551D3B760C6ED4A81161EA07DAF38F8A8A32C78E1DEB317DFAF4880F3EF820815201810A54630909093172B1B153A74E75C3C3C38B7D4C4EC60193BA7F8D493FF899C93AB9DD5CC93D6742C29B1B7B603005580E414141262222C2242727F778EEB9E712E3E2E28E512AA8AA38F003DCB8518F6FDDBA757049617A21F52793B267B9C9CB4E31056EA7715DC935E7537699933F7D6CDCAE7C0AB09CEAD5AB67A4FC6D0E876319A5010215A8A6366EDCD8C56EB7776ED1A24560498FC938B2C91414B87F737FFEA50C73418215E5A7C7AC0B0A0A1AFFF0C30F83290D10A8403564B3D91E6FDAB4A9BBA463A6AEFC1CE3746497F87CC7A5B314620569D2A48986EA244A02042A500D0504040C8A8C8C8C28E9EF6EF7F54F932CAEE78A9BA343EE0E87A31B25010215A8865C2E57679D6D8ACA171616A6811A4D49804005AAA720166DA8228D957C0E0505059CAF040215A8890283C38DCD56F2D72830288C420208540037A2611ADDA66FB1A15A2734CA8437BD9B4202085400A5D1B0ED03564FF537F74BD0068735A1800002154069E8E20DC5CDE675E6E75038402D12481100372F27F3A0B5DC6071E7A266246F34F997334DE3760F99803AA1141640A00228AE57FAEBB12DE6DC89C4EB9E6BAACB125E3E77D43489F983096B7807050710A8003C2EFD7AD8A41FFADC5A5AB034AEE49D37A793169BC896DDADE3AD01CCFC056A248EA10265A00BE06B3896364CBD659DDE6952F7AFA510010215404913904AABE0064B1502A8BE18F205CAA06E641B13D3FF6D0A02003D540000085400000854000008540000701D4C4AAA60F1F1F19D737373A7656565F5CACCCC6C929D9D5DC7E170D8EAD4A9A33F90EC6CD6AC594E7474F4AE6EDDBA2D906DB5CD6663DA27806A67E4C8912D9D4EE71069C3FAC8CD2EB235954D4FB2CE93ED4C41414192FC6D7B4040C08AA54B979E2650516A53A74E1D63B7DBFFB26FDFBE661D3B76B40D1C38D0DC72CB2D262A2ACA84848498BCBC3C73F1E2C5C053A74E45C863FA4B05EBBF61C3868573E7CE5D307EFCF849942080EAE0C9279F1C22177F72BBDDF74B600615F39010D96E95BFDD2A97435C2ED77FC5C6C66E91DBF3972F5FBE84404589240C6F0B0B0BFB5CF6C6DA3DF1C413B6BBEFBEDBC81ED96F6B9884AA6E8D1A35325DBB7635A3468D32BB77EF0E5AB56AD5C4575E796554F7EEDD63870C19B29E1205501549286A48FE43DABA8137F1F4BEF2BCBEF21A132460C7AE5EBD3A9940C555264F9E3C312727E76FFDFAF5ABF3D0430F151BA4D7A3E1AB5B424242DD75EBD67DBA68D1A2A512B4FF42C902A84A468C18116BB7DB3F925E69A4E73E6DEFEEBCF34ED3A3470F73FBEDB79B88880853BF7E7D73F9F26573FEFC7973FCF871B373E74EF3D34F3F992B57AE789ED64B9EF7B3F47227D5C4DE2A817A93A45739462ACDDFA64E9D5AA75DBB76E57A2D1D1E8E898931B367CF1EB978F1E288A79F7EFA514A18401509D347254C974898067882543B1003060CB046DCAE55B76E5D6B6BDEBCB9E9D9B3A715AE9F7DF699F9E28B2F8CF44EF52161D25B5D2CA11A22A13AAF269515B37C6FC29831639ECECACA8A7BF3CD37CB1DA61EAD5BB736AFBFFEBAEED13D121F1F1F472903A8223DD375128056986A48CE9C39532724151BA6C5D19EAB3E5E9FA7F34A3CE435E325546BD4881C815A4685C711E64C9E3C39A8B415AAB4F4F5A64C996276EDDA356EDEBC79BFA7B40154665B27BDD18F3C617AC71D7718E9445C158A65A1CFD3E7DF75D75DDEA13A4742358640ADA5C2C2C2560E1D3A34B4A27AA6C5F554E5F56D870E1D5A436903A8B470B0DBE7798E996ACF5477F6F5186979E850F00B2FBCE01DCA3AFC1B4FA0D6423A5D5C2A44C7418306F9B4DCF498AAF4822366CD9AF5174A1D4065B47512A6D628991E33D5102C6F987A87EAB3CF3EEB3D89B3574D19FA2550CB402AD4ABA3478F0ED3451A7C4D8F39646666FE99522FBFD8D8D8D7B481E8DBB72F93F0409D2F9D3F79AEE804A49B1DE62D89BEDEA38FFE73EEA5F45227D48472A781297DC0B5940FBDBD9EE6E20F7A9C212F2F2F7CD9B265BD9E7AEAA9443E817299219F9D69D2A449AE34345F48EF3FDEE97426AE5EBD3A87A2414DAFF323468CD868B7DBFF51DA3AAF6D9DF44EFB797AA71AA8BE3068D020F3F9E79F7B4EA9E9A5C76C57AC58719C40AD0574892D09536759CF352D8F6EDDBA9953A74E4D94AB046A0590200D958B3F4A43F347F91C73640FFE0BB9BD20383878CBC2850BF3AACABF73D3A64D263939D94C9C38D17CFAE9A745F75FBC78D11A76D3BFEBB97F3A8AB179F366F3D5575F99060D1A14FB5A7A4EE05B6FBD55E27BCD9D3BD70C1932C4346EDCB8C4C73CF3CC3366C28409A673E7CE66DCB871E6E38F3F3681818166D8B061461A40EB3AAA749D7F4CEAFC6352E72F15EE50CEBF5E9D2F5C4ED06AE8B403A1ABBDF982CEFED5456EBEFFFE7BCF5DC3649B45A0D6022121210324E0A2FCF99E1D3A7430FBF7EFFF1DA5EF133A1962B85C0ECFCBCB7348B8FE8F5C5F999696B661CB962D95BABE72525292751C5DF7DE070F1E6CA4B76005637C7CBC15A23A54263D0EEBB1F9F9F9A64F9F3ED6DE7E719E7FFEF9AB6EEFDDBBD71C3B76ACE8B6BEF6471F7D64356C1E7BF6EC318F3FFEB855FF54505090E9DEBDBBF55E0F3CF0405180EAAC74C2B45AA9A7A125F57E98D4F97C09D74F2538975E5BE70BD7E6B5E8E7EE4BFAFA5E81DA8740AD255C2E57679D81EB4F7A9C212323A331A5EF73C1D2C8C4CA656CD3A64DB5E7BA59AECFD1BD787FFF434E9F3E6D7DEE3AE4BF63C70EB375EB562B586FBDF556D3A64D1BABC73A6FDE3CAB97181D1D6D3D67D7AE5D65EAFD4E9E3CB9E8B6AE64939D9D6DFAF7EF6FDDD635A7CF9E3D6B85A9AE7073F2E4496BC51B3DDD414F9B408D11E40957A9F397A4CE6F95DB1F689D973AD0C5F3A0B66DDBFAF41FA1F5DA4B97EA5EA8046A29C99E7C631DA2F0271DDE93CA1D227B926FF209F8B5E73A582E076BB8AC5AB5CAB468D1C2DC76DB6DFEA86366C3860D66F8F0E1E6EDB7DF36AFBDF69A8E505841EA19FE7DF8E187CD8913278AC254E9A181927AA8DA93D560D41EA886A33E5F2FA511B5FE7EE4C8113DCE66F53ED5C68D1BCD638F3D665DD7E7E89690906005AA3E262E2ECE7A8CFE5BF5766A6AAA356C3C6DDA346BAD6A5FCACCCCB4FE2F7C1F2ABEE72A75FE61B97C58EBBC28F0FCC1D76DDE35AFDF9040AD3D811AEAEB06E35AFA7E4EA753C7F6FE834FA072E8714B0DD5E9D3A7FBA5773A7EFC782B04A5C760DDD7A95327B36DDB36EBFAB265CBAC21E0ABBEC08181E6C2850B25BEA62E0FF7F2CB2F5BC1D8AA552B2B047545AE7EFDAC392766DFBE7D262525A52850172C5870D5F0EFB5817FE6CC1973CF3DF758C3BD5A36478F1EB57AB7FA375FD372F8F9E79F0DDF079FB379EFD4FB929E42E3DDE411A8B58434729765EFADAE3F4355F7160302025CE26D3E8172294D03AC7BE59A0A57CD3A0B0F0FB78E27FA83F61AD7AE5D6B828383ADDB3A99C8FB18686464E46F9EA361B672E54AF3EAABAF9A7AF5EA9966CD9A59F767646458BDB9F6EDDB5B3D580D3CCF71575D94A457AF5E458FD3E7DC7BEFBDD6EDF5EBD79B962D5B16BDBE06AD86A6BE8786B02E82EE79AEF6923DD7FDA177EFDE56EF5C42F53FA9D21552E74D619DBFEAF4499BCDE6961EABDDB343E9CB50D5B901DE4D1E815A5B76D96CB6F4F3E7CFB7F10C95F9AB7724019E3B7FFEFC37F9046E5E6C6C6C898D8B341CAEC2198DBA571E20B7CFCBED4D3A594382EDCBE1C387E76A28F9834EFED1E15E8F43870E59BD453DCEE9EDD75F7FB52EF558A7EEE13FF2C823D6E6EDBBEFBEB37ABC2FBDF49279F7DD77ADC9449E6162BD5F273E290D283D86EAD9514C4F4F2F7A8D3973E658C3C3A1A1A1BAA66B512FB6B2346CD8D02A0FE971F37DA8983A6FF515AEADF3B223BF57EEBF5DFFA80BDBFB3250F5F5BD6412A8B584F4127F94062E4002B595BFDEF3D4A953DA601EA2F42B9634200E693C820B7794B461D173F3BE946DA584C7A6850B17167DCB7556AD3FE990AAEEB4E9E4A1B163C75AF7EDDEBDDB0A3D3D96EB1D7AF26FB782530356432F2C2CACE875F4D8AB9EEEA061DCB76F5FCFAF7C583D553DEFCF138E4EA7D3DA3CB7F5EF9EDEAC9E2EA3213F69D2A41BFEBBF5DFE07D5C17558E7EC041A5A9F312C6499E40D5D1898A5ED4C19B4E78F39244A0D69E4678EBB7DF7E1B73FFFDF7FBED3D0F1C38600A2B3D2A76B421B8B041D1F5923F93DED986AA721EAA869B4EF2D119B59E80D260D3FBF4B86A6262A2B50C9CD2E3989ED9B9DA9BD4E157CFC2E31A8469696956CFD45B6E6EAE759A8D67A856C359D769BDEFBEFB8A7AACDE3DE6EB05BFB71F7FFCD13A5E8B2A2BA8B4755EDB3AF98EE839A1D60E99D6175FB966F4652B815A4B040606AE93807B55F7F4FDB5B8C38E1D3BF264CF3F9ED2AFB09D22DD0BDF22BDAFFF2E3CB1FD7C55FB37EAF14B5D68412712791AB2C3870F9B2E5DBA58338D7556E4AC59B3CC8B2FBE78D5CF67E9C20B7AFC55C3511779286978568FC37A079FF644B53E7BC2D3D32BF684BB4E7AF24C38D259B6BA88844E62D2C953FA1EFA18BD5F7B32A819755EDB3A69E7FEAA577574E4DCB9733E59DC41877B65474CE72E78264155FB1F0421504B69E9D2A5A7A587B04F7AA919BD7BF7BECBD7EFA727E03B1C8EE4EABE145715F1BAEC711F97BDF235556945A492E8AA453366CCB0867AB5C7A8C747757294D25EAB2E2CAE27C37BAF85AAC1A8C75F35E4BEF9E61BF3CE3BEF580B41DC88867271939D9406A9F68C3D43C97A0C73E8D0A145C77935C4172F5E6C85AE2F7B31F06F9D2F6CEBB64818F7D70E84FE30B82F0E7D7CF9E597BA43E609D3C49AD0D611A865F3F7F9F3E7CFEAD9B3A72E41E8D3B2932F41F6A54B97DEA1C8CB4FBEA8D56E96B4F654752B6EED68ED85EA561CED69EA30EFB543BD25B9DEE3F4B5B427EA7DDB7BD294AE72E3EB9574506975FEEFB259C7133450F55057451E4BD5F921EBD7AF2FEA9D4AF8C7D58472E7D766CA60F9F2E5EBA4D7786AC18205DB7DF93E52811D99999987D2D2D25650EA002AA3AD938B2D7A5D7BA9EFBDF79E75D64145D05365DE7FFF7D97DBED2EEA9DD694B68E402DBBB15F7FFD75CCFEFDFB7D72D04887F856AE5C9977E5CA95A72B7B4D5900B5BBAD3385A7B2E88A58B367CF2E77A86A984A3817A4A4A47826A2E448EF745C4D69EB08D432D2717ED9B37A61E6CC994167CE9C395191AFAD27D9CF9831E37C7E7EFE9F650FF1174A1B4065B675050505CFCA552BEC0E1E3C682D41A9C3B537439FF7C61B6FB8F6EEDD5BB4129384E9A49AD4D611A837417A902B5C2ED7EB53A64CB1EFDBB7EF4005F54C5DD3A64D3B979393F38E54B025943280AAD0D6C9C5384FA86A4F5597E15CBA74E9B58B3294481FA73FF327ED9B77CF5467204FAF696D5D0055E6E648902675ECD8316DDBB66DC3A467B9AD6BD7AE2DED76FB4D4D54FAE4934FD23EFCF0C32B0E87E3DFA5027F48E9561DA3468D7AD3DFBF3284EBEE78EACC62961EF4735BD7A953A7C372B5BFF42843F487CB75152F9DA5AB3FAEA0A74EE9A9573AD35C97CDD4615D1D6DD33315D6AD5BA7BF8CE4DEBF7FBF4D9EE7E999EAF9B0136A625BC72CDF72EEBDC5C6C67E27A11ABF7DFBF6E3E3C68D4BEDD3A7CFFDA52DD7A4A4A47371717159B20777462AEABFCA5E1CC3BC00AA6C5B27ED54BC9E4EA3F7E964255D2F5AB71BF01E094DD463A635F59016815A4E85E74E3D28956D9884E384B973E7A6B56DDBF69804ABBD43870EB74445458585868646E7E5E5392F5CB89079FCF8F18B898989E765AFAF85F448F51845FC99336796300109407569EB24142748DBD5B70C199228DBFC9ADED611A81557D974958F3523478E6C79E4C89161C9C9C9BF93DBFAB31DF50A1FE22CDC0E9AFF5F626B0D8B3600A8CE6D9DDBEDD61F29D7B6AE9B6CFACB21FA2B0BBA9084CE0E4EAA6D6D1D815AC1749511B978AF700300DABA5A8259BE000010A8000010A8000010A800008040050080400500804005008040050000042A0000042A0000042A0000042A00002050010020500100205081EACFE176BB29852AA0F073E0C300810A54533F5CB870E10CC550F97272724C5050D0494A02042A503D6DC9CCCC3C413154BEECEC6CBD48A02440A002D5504141C1DAF4F4F45BE4328FD2A85CA9A9A9D9F9F9F90B290910A840353460C08024B7DBBD2739397907A551795252521C12A6BB1F7CF0C1EF280D10A8403525813A392D2DAD635656D6014AC3FF2E5DBA648E1D3B96E7743AFF8DD2405516401100D7B764C992CCD1A347279D3D7B76487878784A686868634AC56F61EADAB367CF39D9A9193D60C080444A04042A50CD2D5AB4E8E8A851A3FE373D3D7D4C6E6EEEA6E8E8E816369B2D8892F19D93274F1EFEE5975F6C12A663FBF7EFBF8112415567A30880D24B484888B1DBED7F9530ED141919F96393264D22A3A2A2EE0C080888A674CA47CF33CDCECE3E9A919191265B0BA7D37944EE7B61E0C081FB281D10A8400DB571E3C62E12AA8FCBD5BEB275932D84522937A76C49B26D916D2D139000000000000000000000000000000000000000000000000000000000000000000000000000000000000000000000000000000000000000000000000000000000000000000000000000000000000000000000000000000000000000000000000000000000000000000000000000000000000000000000000000000000000000000000000000007EF37F3EC238DF1B9CB45B0000000049454E44AE426082, null);
INSERT INTO `act_ge_bytearray` VALUES ('a39a1953caef4f059b156625b551c435', '1', 'source', null, 0x7B226964223A2263616E766173222C227265736F757263654964223A2263616E766173222C227374656E63696C736574223A7B226E616D657370616365223A22687474703A2F2F62336D6E2E6F72672F7374656E63696C7365742F62706D6E322E3023227D7D, null);
INSERT INTO `act_ge_bytearray` VALUES ('b67de4fde4254351b7a78eca1932069c', '1', 'source', null, 0x7B226964223A2263616E766173222C227265736F757263654964223A2263616E766173222C227374656E63696C736574223A7B226E616D657370616365223A22687474703A2F2F62336D6E2E6F72672F7374656E63696C7365742F62706D6E322E3023227D7D, null);
INSERT INTO `act_ge_bytearray` VALUES ('d2892937bcba445bb5fec76f7b83ec69', '1', 'source', null, 0x7B226964223A2263616E766173222C227265736F757263654964223A2263616E766173222C227374656E63696C736574223A7B226E616D657370616365223A22687474703A2F2F62336D6E2E6F72672F7374656E63696C7365742F62706D6E322E3023227D7D, null);

-- ----------------------------
-- Table structure for act_ge_property
-- ----------------------------
DROP TABLE IF EXISTS `act_ge_property`;
CREATE TABLE `act_ge_property` (
  `NAME_` varchar(64) COLLATE utf8_bin NOT NULL,
  `VALUE_` varchar(300) COLLATE utf8_bin DEFAULT NULL,
  `REV_` int(11) DEFAULT NULL,
  PRIMARY KEY (`NAME_`)
) ENGINE=InnoDB DEFAULT CHARSET=utf8 COLLATE=utf8_bin;

-- ----------------------------
-- Records of act_ge_property
-- ----------------------------
INSERT INTO `act_ge_property` VALUES ('next.dbid', '1', '1');
INSERT INTO `act_ge_property` VALUES ('schema.history', 'create(5.20.0.1)', '1');
INSERT INTO `act_ge_property` VALUES ('schema.version', '5.20.0.1', '1');

-- ----------------------------
-- Table structure for act_hi_actinst
-- ----------------------------
DROP TABLE IF EXISTS `act_hi_actinst`;
CREATE TABLE `act_hi_actinst` (
  `ID_` varchar(64) COLLATE utf8_bin NOT NULL,
  `PROC_DEF_ID_` varchar(64) COLLATE utf8_bin NOT NULL,
  `PROC_INST_ID_` varchar(64) COLLATE utf8_bin NOT NULL,
  `EXECUTION_ID_` varchar(64) COLLATE utf8_bin NOT NULL,
  `ACT_ID_` varchar(255) COLLATE utf8_bin NOT NULL,
  `TASK_ID_` varchar(64) COLLATE utf8_bin DEFAULT NULL,
  `CALL_PROC_INST_ID_` varchar(64) COLLATE utf8_bin DEFAULT NULL,
  `ACT_NAME_` varchar(255) COLLATE utf8_bin DEFAULT NULL,
  `ACT_TYPE_` varchar(255) COLLATE utf8_bin NOT NULL,
  `ASSIGNEE_` varchar(255) COLLATE utf8_bin DEFAULT NULL,
  `START_TIME_` datetime(3) NOT NULL,
  `END_TIME_` datetime(3) DEFAULT NULL,
  `DURATION_` bigint(20) DEFAULT NULL,
  `TENANT_ID_` varchar(255) COLLATE utf8_bin DEFAULT '',
  PRIMARY KEY (`ID_`),
  KEY `ACT_IDX_HI_ACT_INST_START` (`START_TIME_`),
  KEY `ACT_IDX_HI_ACT_INST_END` (`END_TIME_`),
  KEY `ACT_IDX_HI_ACT_INST_PROCINST` (`PROC_INST_ID_`,`ACT_ID_`),
  KEY `ACT_IDX_HI_ACT_INST_EXEC` (`EXECUTION_ID_`,`ACT_ID_`)
) ENGINE=InnoDB DEFAULT CHARSET=utf8 COLLATE=utf8_bin;

-- ----------------------------
-- Records of act_hi_actinst
-- ----------------------------

-- ----------------------------
-- Table structure for act_hi_attachment
-- ----------------------------
DROP TABLE IF EXISTS `act_hi_attachment`;
CREATE TABLE `act_hi_attachment` (
  `ID_` varchar(64) COLLATE utf8_bin NOT NULL,
  `REV_` int(11) DEFAULT NULL,
  `USER_ID_` varchar(255) COLLATE utf8_bin DEFAULT NULL,
  `NAME_` varchar(255) COLLATE utf8_bin DEFAULT NULL,
  `DESCRIPTION_` varchar(4000) COLLATE utf8_bin DEFAULT NULL,
  `TYPE_` varchar(255) COLLATE utf8_bin DEFAULT NULL,
  `TASK_ID_` varchar(64) COLLATE utf8_bin DEFAULT NULL,
  `PROC_INST_ID_` varchar(64) COLLATE utf8_bin DEFAULT NULL,
  `URL_` varchar(4000) COLLATE utf8_bin DEFAULT NULL,
  `CONTENT_ID_` varchar(64) COLLATE utf8_bin DEFAULT NULL,
  `TIME_` datetime(3) DEFAULT NULL,
  PRIMARY KEY (`ID_`)
) ENGINE=InnoDB DEFAULT CHARSET=utf8 COLLATE=utf8_bin;

-- ----------------------------
-- Records of act_hi_attachment
-- ----------------------------

-- ----------------------------
-- Table structure for act_hi_comment
-- ----------------------------
DROP TABLE IF EXISTS `act_hi_comment`;
CREATE TABLE `act_hi_comment` (
  `ID_` varchar(64) COLLATE utf8_bin NOT NULL,
  `TYPE_` varchar(255) COLLATE utf8_bin DEFAULT NULL,
  `TIME_` datetime(3) NOT NULL,
  `USER_ID_` varchar(255) COLLATE utf8_bin DEFAULT NULL,
  `TASK_ID_` varchar(64) COLLATE utf8_bin DEFAULT NULL,
  `PROC_INST_ID_` varchar(64) COLLATE utf8_bin DEFAULT NULL,
  `ACTION_` varchar(255) COLLATE utf8_bin DEFAULT NULL,
  `MESSAGE_` varchar(4000) COLLATE utf8_bin DEFAULT NULL,
  `FULL_MSG_` longblob,
  PRIMARY KEY (`ID_`)
) ENGINE=InnoDB DEFAULT CHARSET=utf8 COLLATE=utf8_bin;

-- ----------------------------
-- Records of act_hi_comment
-- ----------------------------

-- ----------------------------
-- Table structure for act_hi_detail
-- ----------------------------
DROP TABLE IF EXISTS `act_hi_detail`;
CREATE TABLE `act_hi_detail` (
  `ID_` varchar(64) COLLATE utf8_bin NOT NULL,
  `TYPE_` varchar(255) COLLATE utf8_bin NOT NULL,
  `PROC_INST_ID_` varchar(64) COLLATE utf8_bin DEFAULT NULL,
  `EXECUTION_ID_` varchar(64) COLLATE utf8_bin DEFAULT NULL,
  `TASK_ID_` varchar(64) COLLATE utf8_bin DEFAULT NULL,
  `ACT_INST_ID_` varchar(64) COLLATE utf8_bin DEFAULT NULL,
  `NAME_` varchar(255) COLLATE utf8_bin NOT NULL,
  `VAR_TYPE_` varchar(255) COLLATE utf8_bin DEFAULT NULL,
  `REV_` int(11) DEFAULT NULL,
  `TIME_` datetime(3) NOT NULL,
  `BYTEARRAY_ID_` varchar(64) COLLATE utf8_bin DEFAULT NULL,
  `DOUBLE_` double DEFAULT NULL,
  `LONG_` bigint(20) DEFAULT NULL,
  `TEXT_` varchar(4000) COLLATE utf8_bin DEFAULT NULL,
  `TEXT2_` varchar(4000) COLLATE utf8_bin DEFAULT NULL,
  PRIMARY KEY (`ID_`),
  KEY `ACT_IDX_HI_DETAIL_PROC_INST` (`PROC_INST_ID_`),
  KEY `ACT_IDX_HI_DETAIL_ACT_INST` (`ACT_INST_ID_`),
  KEY `ACT_IDX_HI_DETAIL_TIME` (`TIME_`),
  KEY `ACT_IDX_HI_DETAIL_NAME` (`NAME_`),
  KEY `ACT_IDX_HI_DETAIL_TASK_ID` (`TASK_ID_`)
) ENGINE=InnoDB DEFAULT CHARSET=utf8 COLLATE=utf8_bin;

-- ----------------------------
-- Records of act_hi_detail
-- ----------------------------

-- ----------------------------
-- Table structure for act_hi_identitylink
-- ----------------------------
DROP TABLE IF EXISTS `act_hi_identitylink`;
CREATE TABLE `act_hi_identitylink` (
  `ID_` varchar(64) COLLATE utf8_bin NOT NULL,
  `GROUP_ID_` varchar(255) COLLATE utf8_bin DEFAULT NULL,
  `TYPE_` varchar(255) COLLATE utf8_bin DEFAULT NULL,
  `USER_ID_` varchar(255) COLLATE utf8_bin DEFAULT NULL,
  `TASK_ID_` varchar(64) COLLATE utf8_bin DEFAULT NULL,
  `PROC_INST_ID_` varchar(64) COLLATE utf8_bin DEFAULT NULL,
  PRIMARY KEY (`ID_`),
  KEY `ACT_IDX_HI_IDENT_LNK_USER` (`USER_ID_`),
  KEY `ACT_IDX_HI_IDENT_LNK_TASK` (`TASK_ID_`),
  KEY `ACT_IDX_HI_IDENT_LNK_PROCINST` (`PROC_INST_ID_`)
) ENGINE=InnoDB DEFAULT CHARSET=utf8 COLLATE=utf8_bin;

-- ----------------------------
-- Records of act_hi_identitylink
-- ----------------------------

-- ----------------------------
-- Table structure for act_hi_procinst
-- ----------------------------
DROP TABLE IF EXISTS `act_hi_procinst`;
CREATE TABLE `act_hi_procinst` (
  `ID_` varchar(64) COLLATE utf8_bin NOT NULL,
  `PROC_INST_ID_` varchar(64) COLLATE utf8_bin NOT NULL,
  `BUSINESS_KEY_` varchar(255) COLLATE utf8_bin DEFAULT NULL,
  `PROC_DEF_ID_` varchar(64) COLLATE utf8_bin NOT NULL,
  `START_TIME_` datetime(3) NOT NULL,
  `END_TIME_` datetime(3) DEFAULT NULL,
  `DURATION_` bigint(20) DEFAULT NULL,
  `START_USER_ID_` varchar(255) COLLATE utf8_bin DEFAULT NULL,
  `START_ACT_ID_` varchar(255) COLLATE utf8_bin DEFAULT NULL,
  `END_ACT_ID_` varchar(255) COLLATE utf8_bin DEFAULT NULL,
  `SUPER_PROCESS_INSTANCE_ID_` varchar(64) COLLATE utf8_bin DEFAULT NULL,
  `DELETE_REASON_` varchar(4000) COLLATE utf8_bin DEFAULT NULL,
  `TENANT_ID_` varchar(255) COLLATE utf8_bin DEFAULT '',
  `NAME_` varchar(255) COLLATE utf8_bin DEFAULT NULL,
  PRIMARY KEY (`ID_`),
  UNIQUE KEY `PROC_INST_ID_` (`PROC_INST_ID_`),
  KEY `ACT_IDX_HI_PRO_INST_END` (`END_TIME_`),
  KEY `ACT_IDX_HI_PRO_I_BUSKEY` (`BUSINESS_KEY_`)
) ENGINE=InnoDB DEFAULT CHARSET=utf8 COLLATE=utf8_bin;

-- ----------------------------
-- Records of act_hi_procinst
-- ----------------------------

-- ----------------------------
-- Table structure for act_hi_taskinst
-- ----------------------------
DROP TABLE IF EXISTS `act_hi_taskinst`;
CREATE TABLE `act_hi_taskinst` (
  `ID_` varchar(64) COLLATE utf8_bin NOT NULL,
  `PROC_DEF_ID_` varchar(64) COLLATE utf8_bin DEFAULT NULL,
  `TASK_DEF_KEY_` varchar(255) COLLATE utf8_bin DEFAULT NULL,
  `PROC_INST_ID_` varchar(64) COLLATE utf8_bin DEFAULT NULL,
  `EXECUTION_ID_` varchar(64) COLLATE utf8_bin DEFAULT NULL,
  `NAME_` varchar(255) COLLATE utf8_bin DEFAULT NULL,
  `PARENT_TASK_ID_` varchar(64) COLLATE utf8_bin DEFAULT NULL,
  `DESCRIPTION_` varchar(4000) COLLATE utf8_bin DEFAULT NULL,
  `OWNER_` varchar(255) COLLATE utf8_bin DEFAULT NULL,
  `ASSIGNEE_` varchar(255) COLLATE utf8_bin DEFAULT NULL,
  `START_TIME_` datetime(3) NOT NULL,
  `CLAIM_TIME_` datetime(3) DEFAULT NULL,
  `END_TIME_` datetime(3) DEFAULT NULL,
  `DURATION_` bigint(20) DEFAULT NULL,
  `DELETE_REASON_` varchar(4000) COLLATE utf8_bin DEFAULT NULL,
  `PRIORITY_` int(11) DEFAULT NULL,
  `DUE_DATE_` datetime(3) DEFAULT NULL,
  `FORM_KEY_` varchar(255) COLLATE utf8_bin DEFAULT NULL,
  `CATEGORY_` varchar(255) COLLATE utf8_bin DEFAULT NULL,
  `TENANT_ID_` varchar(255) COLLATE utf8_bin DEFAULT '',
  PRIMARY KEY (`ID_`),
  KEY `ACT_IDX_HI_TASK_INST_PROCINST` (`PROC_INST_ID_`)
) ENGINE=InnoDB DEFAULT CHARSET=utf8 COLLATE=utf8_bin;

-- ----------------------------
-- Records of act_hi_taskinst
-- ----------------------------

-- ----------------------------
-- Table structure for act_hi_varinst
-- ----------------------------
DROP TABLE IF EXISTS `act_hi_varinst`;
CREATE TABLE `act_hi_varinst` (
  `ID_` varchar(64) COLLATE utf8_bin NOT NULL,
  `PROC_INST_ID_` varchar(64) COLLATE utf8_bin DEFAULT NULL,
  `EXECUTION_ID_` varchar(64) COLLATE utf8_bin DEFAULT NULL,
  `TASK_ID_` varchar(64) COLLATE utf8_bin DEFAULT NULL,
  `NAME_` varchar(255) COLLATE utf8_bin NOT NULL,
  `VAR_TYPE_` varchar(100) COLLATE utf8_bin DEFAULT NULL,
  `REV_` int(11) DEFAULT NULL,
  `BYTEARRAY_ID_` varchar(64) COLLATE utf8_bin DEFAULT NULL,
  `DOUBLE_` double DEFAULT NULL,
  `LONG_` bigint(20) DEFAULT NULL,
  `TEXT_` varchar(4000) COLLATE utf8_bin DEFAULT NULL,
  `TEXT2_` varchar(4000) COLLATE utf8_bin DEFAULT NULL,
  `CREATE_TIME_` datetime(3) DEFAULT NULL,
  `LAST_UPDATED_TIME_` datetime(3) DEFAULT NULL,
  PRIMARY KEY (`ID_`),
  KEY `ACT_IDX_HI_PROCVAR_PROC_INST` (`PROC_INST_ID_`),
  KEY `ACT_IDX_HI_PROCVAR_NAME_TYPE` (`NAME_`,`VAR_TYPE_`),
  KEY `ACT_IDX_HI_PROCVAR_TASK_ID` (`TASK_ID_`)
) ENGINE=InnoDB DEFAULT CHARSET=utf8 COLLATE=utf8_bin;

-- ----------------------------
-- Records of act_hi_varinst
-- ----------------------------

-- ----------------------------
-- Table structure for act_id_group
-- ----------------------------
DROP TABLE IF EXISTS `act_id_group`;
CREATE TABLE `act_id_group` (
  `ID_` varchar(64) COLLATE utf8_bin NOT NULL,
  `REV_` int(11) DEFAULT NULL,
  `NAME_` varchar(255) COLLATE utf8_bin DEFAULT NULL,
  `TYPE_` varchar(255) COLLATE utf8_bin DEFAULT NULL,
  PRIMARY KEY (`ID_`)
) ENGINE=InnoDB DEFAULT CHARSET=utf8 COLLATE=utf8_bin;

-- ----------------------------
-- Records of act_id_group
-- ----------------------------

-- ----------------------------
-- Table structure for act_id_info
-- ----------------------------
DROP TABLE IF EXISTS `act_id_info`;
CREATE TABLE `act_id_info` (
  `ID_` varchar(64) COLLATE utf8_bin NOT NULL,
  `REV_` int(11) DEFAULT NULL,
  `USER_ID_` varchar(64) COLLATE utf8_bin DEFAULT NULL,
  `TYPE_` varchar(64) COLLATE utf8_bin DEFAULT NULL,
  `KEY_` varchar(255) COLLATE utf8_bin DEFAULT NULL,
  `VALUE_` varchar(255) COLLATE utf8_bin DEFAULT NULL,
  `PASSWORD_` longblob,
  `PARENT_ID_` varchar(255) COLLATE utf8_bin DEFAULT NULL,
  PRIMARY KEY (`ID_`)
) ENGINE=InnoDB DEFAULT CHARSET=utf8 COLLATE=utf8_bin;

-- ----------------------------
-- Records of act_id_info
-- ----------------------------

-- ----------------------------
-- Table structure for act_id_membership
-- ----------------------------
DROP TABLE IF EXISTS `act_id_membership`;
CREATE TABLE `act_id_membership` (
  `USER_ID_` varchar(64) COLLATE utf8_bin NOT NULL,
  `GROUP_ID_` varchar(64) COLLATE utf8_bin NOT NULL,
  PRIMARY KEY (`USER_ID_`,`GROUP_ID_`),
  KEY `ACT_FK_MEMB_GROUP` (`GROUP_ID_`),
  CONSTRAINT `ACT_FK_MEMB_GROUP` FOREIGN KEY (`GROUP_ID_`) REFERENCES `act_id_group` (`ID_`),
  CONSTRAINT `ACT_FK_MEMB_USER` FOREIGN KEY (`USER_ID_`) REFERENCES `act_id_user` (`ID_`)
) ENGINE=InnoDB DEFAULT CHARSET=utf8 COLLATE=utf8_bin;

-- ----------------------------
-- Records of act_id_membership
-- ----------------------------

-- ----------------------------
-- Table structure for act_id_user
-- ----------------------------
DROP TABLE IF EXISTS `act_id_user`;
CREATE TABLE `act_id_user` (
  `ID_` varchar(64) COLLATE utf8_bin NOT NULL,
  `REV_` int(11) DEFAULT NULL,
  `FIRST_` varchar(255) COLLATE utf8_bin DEFAULT NULL,
  `LAST_` varchar(255) COLLATE utf8_bin DEFAULT NULL,
  `EMAIL_` varchar(255) COLLATE utf8_bin DEFAULT NULL,
  `PWD_` varchar(255) COLLATE utf8_bin DEFAULT NULL,
  `PICTURE_ID_` varchar(64) COLLATE utf8_bin DEFAULT NULL,
  PRIMARY KEY (`ID_`)
) ENGINE=InnoDB DEFAULT CHARSET=utf8 COLLATE=utf8_bin;

-- ----------------------------
-- Records of act_id_user
-- ----------------------------

-- ----------------------------
-- Table structure for act_procdef_info
-- ----------------------------
DROP TABLE IF EXISTS `act_procdef_info`;
CREATE TABLE `act_procdef_info` (
  `ID_` varchar(64) COLLATE utf8_bin NOT NULL,
  `PROC_DEF_ID_` varchar(64) COLLATE utf8_bin NOT NULL,
  `REV_` int(11) DEFAULT NULL,
  `INFO_JSON_ID_` varchar(64) COLLATE utf8_bin DEFAULT NULL,
  PRIMARY KEY (`ID_`),
  UNIQUE KEY `ACT_UNIQ_INFO_PROCDEF` (`PROC_DEF_ID_`),
  KEY `ACT_IDX_INFO_PROCDEF` (`PROC_DEF_ID_`),
  KEY `ACT_FK_INFO_JSON_BA` (`INFO_JSON_ID_`),
  CONSTRAINT `ACT_FK_INFO_JSON_BA` FOREIGN KEY (`INFO_JSON_ID_`) REFERENCES `act_ge_bytearray` (`ID_`),
  CONSTRAINT `ACT_FK_INFO_PROCDEF` FOREIGN KEY (`PROC_DEF_ID_`) REFERENCES `act_re_procdef` (`ID_`)
) ENGINE=InnoDB DEFAULT CHARSET=utf8 COLLATE=utf8_bin;

-- ----------------------------
-- Records of act_procdef_info
-- ----------------------------

-- ----------------------------
-- Table structure for act_re_deployment
-- ----------------------------
DROP TABLE IF EXISTS `act_re_deployment`;
CREATE TABLE `act_re_deployment` (
  `ID_` varchar(64) COLLATE utf8_bin NOT NULL,
  `NAME_` varchar(255) COLLATE utf8_bin DEFAULT NULL,
  `CATEGORY_` varchar(255) COLLATE utf8_bin DEFAULT NULL,
  `TENANT_ID_` varchar(255) COLLATE utf8_bin DEFAULT '',
  `DEPLOY_TIME_` timestamp(3) NULL DEFAULT NULL,
  PRIMARY KEY (`ID_`)
) ENGINE=InnoDB DEFAULT CHARSET=utf8 COLLATE=utf8_bin;

-- ----------------------------
-- Records of act_re_deployment
-- ----------------------------

-- ----------------------------
-- Table structure for act_re_model
-- ----------------------------
DROP TABLE IF EXISTS `act_re_model`;
CREATE TABLE `act_re_model` (
  `ID_` varchar(64) COLLATE utf8_bin NOT NULL,
  `REV_` int(11) DEFAULT NULL,
  `NAME_` varchar(255) COLLATE utf8_bin DEFAULT NULL,
  `KEY_` varchar(255) COLLATE utf8_bin DEFAULT NULL,
  `CATEGORY_` varchar(255) COLLATE utf8_bin DEFAULT NULL,
  `CREATE_TIME_` timestamp(3) NULL DEFAULT NULL,
  `LAST_UPDATE_TIME_` timestamp(3) NULL DEFAULT NULL,
  `VERSION_` int(11) DEFAULT NULL,
  `META_INFO_` varchar(4000) COLLATE utf8_bin DEFAULT NULL,
  `DEPLOYMENT_ID_` varchar(64) COLLATE utf8_bin DEFAULT NULL,
  `EDITOR_SOURCE_VALUE_ID_` varchar(64) COLLATE utf8_bin DEFAULT NULL,
  `EDITOR_SOURCE_EXTRA_VALUE_ID_` varchar(64) COLLATE utf8_bin DEFAULT NULL,
  `TENANT_ID_` varchar(255) COLLATE utf8_bin DEFAULT '',
  PRIMARY KEY (`ID_`),
  KEY `ACT_FK_MODEL_SOURCE` (`EDITOR_SOURCE_VALUE_ID_`),
  KEY `ACT_FK_MODEL_SOURCE_EXTRA` (`EDITOR_SOURCE_EXTRA_VALUE_ID_`),
  KEY `ACT_FK_MODEL_DEPLOYMENT` (`DEPLOYMENT_ID_`),
  CONSTRAINT `ACT_FK_MODEL_DEPLOYMENT` FOREIGN KEY (`DEPLOYMENT_ID_`) REFERENCES `act_re_deployment` (`ID_`),
  CONSTRAINT `ACT_FK_MODEL_SOURCE` FOREIGN KEY (`EDITOR_SOURCE_VALUE_ID_`) REFERENCES `act_ge_bytearray` (`ID_`),
  CONSTRAINT `ACT_FK_MODEL_SOURCE_EXTRA` FOREIGN KEY (`EDITOR_SOURCE_EXTRA_VALUE_ID_`) REFERENCES `act_ge_bytearray` (`ID_`)
) ENGINE=InnoDB DEFAULT CHARSET=utf8 COLLATE=utf8_bin;

-- ----------------------------
-- Records of act_re_model
-- ----------------------------
INSERT INTO `act_re_model` VALUES ('020a36545c244be68285e8a87454e96b', '2', '模型名称', 'Urge', null, '2017-02-17 08:34:22.000', '2017-02-17 08:34:23.000', '1', '{\"name\":\"模型名称\",\"revision\":1,\"description\":\"模型描述信息\"}', null, '0ef169687ce144fda70fc1d90540a701', null, '');
INSERT INTO `act_re_model` VALUES ('0d3e2ee8208a40dd90dd62431ddec461', '6', '领导审批', 'Urge', null, '2017-02-16 18:34:53.000', '2017-02-17 14:14:52.000', '1', '{\"name\":\"领导审批\",\"revision\":1,\"description\":\"模型描述信息\"}', null, '631353aa92694f55982775cc3ed62e4a', '83d967aa4d3046c08f74b023d6427498', '');
INSERT INTO `act_re_model` VALUES ('23c1ffcfe7914eb582089c49094347da', '2', '模型名称', 'Urge', null, '2017-02-16 18:38:34.000', '2017-02-16 18:38:34.000', '1', '{\"name\":\"模型名称\",\"revision\":1,\"description\":\"模型描述信息\"}', null, 'd2892937bcba445bb5fec76f7b83ec69', null, '');
INSERT INTO `act_re_model` VALUES ('5c17064b299d4f24a9a4e3288ccaeba2', '2', '模型名称', 'Urge', null, '2017-02-16 16:08:32.000', '2017-02-16 16:08:32.000', '1', '{\"name\":\"模型名称\",\"revision\":1,\"description\":\"模型描述信息\"}', null, '1a107e262d1747b69a2eda6d61417bf9', null, '');
INSERT INTO `act_re_model` VALUES ('77ca17df5fe841378dba20df7c7e5bf0', '2', '模型名称', 'Urge', null, '2017-02-16 16:01:14.000', '2017-02-16 16:01:14.000', '1', '{\"name\":\"模型名称\",\"revision\":1,\"description\":\"模型描述信息\"}', null, '42122fce5952476783bf465d9b2b4908', null, '');
INSERT INTO `act_re_model` VALUES ('dd98c5499ccf48348ffadbfcab56fb27', '2', '模型名称', 'Urge', null, '2017-02-16 19:43:29.000', '2017-02-16 19:43:29.000', '1', '{\"name\":\"模型名称\",\"revision\":1,\"description\":\"模型描述信息\"}', null, 'b67de4fde4254351b7a78eca1932069c', null, '');
INSERT INTO `act_re_model` VALUES ('e3970dd8cd5c49f5b50667a8cc3a1fe5', '2', '模型名称', 'Urge', null, '2017-02-16 18:40:07.000', '2017-02-16 18:40:07.000', '1', '{\"name\":\"模型名称\",\"revision\":1,\"description\":\"模型描述信息\"}', null, 'a39a1953caef4f059b156625b551c435', null, '');

-- ----------------------------
-- Table structure for act_re_procdef
-- ----------------------------
DROP TABLE IF EXISTS `act_re_procdef`;
CREATE TABLE `act_re_procdef` (
  `ID_` varchar(64) COLLATE utf8_bin NOT NULL,
  `REV_` int(11) DEFAULT NULL,
  `CATEGORY_` varchar(255) COLLATE utf8_bin DEFAULT NULL,
  `NAME_` varchar(255) COLLATE utf8_bin DEFAULT NULL,
  `KEY_` varchar(255) COLLATE utf8_bin NOT NULL,
  `VERSION_` int(11) NOT NULL,
  `DEPLOYMENT_ID_` varchar(64) COLLATE utf8_bin DEFAULT NULL,
  `RESOURCE_NAME_` varchar(4000) COLLATE utf8_bin DEFAULT NULL,
  `DGRM_RESOURCE_NAME_` varchar(4000) COLLATE utf8_bin DEFAULT NULL,
  `DESCRIPTION_` varchar(4000) COLLATE utf8_bin DEFAULT NULL,
  `HAS_START_FORM_KEY_` tinyint(4) DEFAULT NULL,
  `HAS_GRAPHICAL_NOTATION_` tinyint(4) DEFAULT NULL,
  `SUSPENSION_STATE_` int(11) DEFAULT NULL,
  `TENANT_ID_` varchar(255) COLLATE utf8_bin DEFAULT '',
  PRIMARY KEY (`ID_`),
  UNIQUE KEY `ACT_UNIQ_PROCDEF` (`KEY_`,`VERSION_`,`TENANT_ID_`)
) ENGINE=InnoDB DEFAULT CHARSET=utf8 COLLATE=utf8_bin;

-- ----------------------------
-- Records of act_re_procdef
-- ----------------------------

-- ----------------------------
-- Table structure for act_ru_event_subscr
-- ----------------------------
DROP TABLE IF EXISTS `act_ru_event_subscr`;
CREATE TABLE `act_ru_event_subscr` (
  `ID_` varchar(64) COLLATE utf8_bin NOT NULL,
  `REV_` int(11) DEFAULT NULL,
  `EVENT_TYPE_` varchar(255) COLLATE utf8_bin NOT NULL,
  `EVENT_NAME_` varchar(255) COLLATE utf8_bin DEFAULT NULL,
  `EXECUTION_ID_` varchar(64) COLLATE utf8_bin DEFAULT NULL,
  `PROC_INST_ID_` varchar(64) COLLATE utf8_bin DEFAULT NULL,
  `ACTIVITY_ID_` varchar(64) COLLATE utf8_bin DEFAULT NULL,
  `CONFIGURATION_` varchar(255) COLLATE utf8_bin DEFAULT NULL,
  `CREATED_` timestamp(3) NOT NULL DEFAULT CURRENT_TIMESTAMP(3),
  `PROC_DEF_ID_` varchar(64) COLLATE utf8_bin DEFAULT NULL,
  `TENANT_ID_` varchar(255) COLLATE utf8_bin DEFAULT '',
  PRIMARY KEY (`ID_`),
  KEY `ACT_IDX_EVENT_SUBSCR_CONFIG_` (`CONFIGURATION_`),
  KEY `ACT_FK_EVENT_EXEC` (`EXECUTION_ID_`),
  CONSTRAINT `ACT_FK_EVENT_EXEC` FOREIGN KEY (`EXECUTION_ID_`) REFERENCES `act_ru_execution` (`ID_`)
) ENGINE=InnoDB DEFAULT CHARSET=utf8 COLLATE=utf8_bin;

-- ----------------------------
-- Records of act_ru_event_subscr
-- ----------------------------

-- ----------------------------
-- Table structure for act_ru_execution
-- ----------------------------
DROP TABLE IF EXISTS `act_ru_execution`;
CREATE TABLE `act_ru_execution` (
  `ID_` varchar(64) COLLATE utf8_bin NOT NULL,
  `REV_` int(11) DEFAULT NULL,
  `PROC_INST_ID_` varchar(64) COLLATE utf8_bin DEFAULT NULL,
  `BUSINESS_KEY_` varchar(255) COLLATE utf8_bin DEFAULT NULL,
  `PARENT_ID_` varchar(64) COLLATE utf8_bin DEFAULT NULL,
  `PROC_DEF_ID_` varchar(64) COLLATE utf8_bin DEFAULT NULL,
  `SUPER_EXEC_` varchar(64) COLLATE utf8_bin DEFAULT NULL,
  `ACT_ID_` varchar(255) COLLATE utf8_bin DEFAULT NULL,
  `IS_ACTIVE_` tinyint(4) DEFAULT NULL,
  `IS_CONCURRENT_` tinyint(4) DEFAULT NULL,
  `IS_SCOPE_` tinyint(4) DEFAULT NULL,
  `IS_EVENT_SCOPE_` tinyint(4) DEFAULT NULL,
  `SUSPENSION_STATE_` int(11) DEFAULT NULL,
  `CACHED_ENT_STATE_` int(11) DEFAULT NULL,
  `TENANT_ID_` varchar(255) COLLATE utf8_bin DEFAULT '',
  `NAME_` varchar(255) COLLATE utf8_bin DEFAULT NULL,
  `LOCK_TIME_` timestamp(3) NULL DEFAULT NULL,
  PRIMARY KEY (`ID_`),
  KEY `ACT_IDX_EXEC_BUSKEY` (`BUSINESS_KEY_`),
  KEY `ACT_FK_EXE_PROCINST` (`PROC_INST_ID_`),
  KEY `ACT_FK_EXE_PARENT` (`PARENT_ID_`),
  KEY `ACT_FK_EXE_SUPER` (`SUPER_EXEC_`),
  KEY `ACT_FK_EXE_PROCDEF` (`PROC_DEF_ID_`),
  CONSTRAINT `ACT_FK_EXE_PARENT` FOREIGN KEY (`PARENT_ID_`) REFERENCES `act_ru_execution` (`ID_`),
  CONSTRAINT `ACT_FK_EXE_PROCDEF` FOREIGN KEY (`PROC_DEF_ID_`) REFERENCES `act_re_procdef` (`ID_`),
  CONSTRAINT `ACT_FK_EXE_PROCINST` FOREIGN KEY (`PROC_INST_ID_`) REFERENCES `act_ru_execution` (`ID_`) ON DELETE CASCADE ON UPDATE CASCADE,
  CONSTRAINT `ACT_FK_EXE_SUPER` FOREIGN KEY (`SUPER_EXEC_`) REFERENCES `act_ru_execution` (`ID_`)
) ENGINE=InnoDB DEFAULT CHARSET=utf8 COLLATE=utf8_bin;

-- ----------------------------
-- Records of act_ru_execution
-- ----------------------------

-- ----------------------------
-- Table structure for act_ru_identitylink
-- ----------------------------
DROP TABLE IF EXISTS `act_ru_identitylink`;
CREATE TABLE `act_ru_identitylink` (
  `ID_` varchar(64) COLLATE utf8_bin NOT NULL,
  `REV_` int(11) DEFAULT NULL,
  `GROUP_ID_` varchar(255) COLLATE utf8_bin DEFAULT NULL,
  `TYPE_` varchar(255) COLLATE utf8_bin DEFAULT NULL,
  `USER_ID_` varchar(255) COLLATE utf8_bin DEFAULT NULL,
  `TASK_ID_` varchar(64) COLLATE utf8_bin DEFAULT NULL,
  `PROC_INST_ID_` varchar(64) COLLATE utf8_bin DEFAULT NULL,
  `PROC_DEF_ID_` varchar(64) COLLATE utf8_bin DEFAULT NULL,
  PRIMARY KEY (`ID_`),
  KEY `ACT_IDX_IDENT_LNK_USER` (`USER_ID_`),
  KEY `ACT_IDX_IDENT_LNK_GROUP` (`GROUP_ID_`),
  KEY `ACT_IDX_ATHRZ_PROCEDEF` (`PROC_DEF_ID_`),
  KEY `ACT_FK_TSKASS_TASK` (`TASK_ID_`),
  KEY `ACT_FK_IDL_PROCINST` (`PROC_INST_ID_`),
  CONSTRAINT `ACT_FK_ATHRZ_PROCEDEF` FOREIGN KEY (`PROC_DEF_ID_`) REFERENCES `act_re_procdef` (`ID_`),
  CONSTRAINT `ACT_FK_IDL_PROCINST` FOREIGN KEY (`PROC_INST_ID_`) REFERENCES `act_ru_execution` (`ID_`),
  CONSTRAINT `ACT_FK_TSKASS_TASK` FOREIGN KEY (`TASK_ID_`) REFERENCES `act_ru_task` (`ID_`)
) ENGINE=InnoDB DEFAULT CHARSET=utf8 COLLATE=utf8_bin;

-- ----------------------------
-- Records of act_ru_identitylink
-- ----------------------------

-- ----------------------------
-- Table structure for act_ru_job
-- ----------------------------
DROP TABLE IF EXISTS `act_ru_job`;
CREATE TABLE `act_ru_job` (
  `ID_` varchar(64) COLLATE utf8_bin NOT NULL,
  `REV_` int(11) DEFAULT NULL,
  `TYPE_` varchar(255) COLLATE utf8_bin NOT NULL,
  `LOCK_EXP_TIME_` timestamp(3) NULL DEFAULT NULL,
  `LOCK_OWNER_` varchar(255) COLLATE utf8_bin DEFAULT NULL,
  `EXCLUSIVE_` tinyint(1) DEFAULT NULL,
  `EXECUTION_ID_` varchar(64) COLLATE utf8_bin DEFAULT NULL,
  `PROCESS_INSTANCE_ID_` varchar(64) COLLATE utf8_bin DEFAULT NULL,
  `PROC_DEF_ID_` varchar(64) COLLATE utf8_bin DEFAULT NULL,
  `RETRIES_` int(11) DEFAULT NULL,
  `EXCEPTION_STACK_ID_` varchar(64) COLLATE utf8_bin DEFAULT NULL,
  `EXCEPTION_MSG_` varchar(4000) COLLATE utf8_bin DEFAULT NULL,
  `DUEDATE_` timestamp(3) NULL DEFAULT NULL,
  `REPEAT_` varchar(255) COLLATE utf8_bin DEFAULT NULL,
  `HANDLER_TYPE_` varchar(255) COLLATE utf8_bin DEFAULT NULL,
  `HANDLER_CFG_` varchar(4000) COLLATE utf8_bin DEFAULT NULL,
  `TENANT_ID_` varchar(255) COLLATE utf8_bin DEFAULT '',
  PRIMARY KEY (`ID_`),
  KEY `ACT_FK_JOB_EXCEPTION` (`EXCEPTION_STACK_ID_`),
  CONSTRAINT `ACT_FK_JOB_EXCEPTION` FOREIGN KEY (`EXCEPTION_STACK_ID_`) REFERENCES `act_ge_bytearray` (`ID_`)
) ENGINE=InnoDB DEFAULT CHARSET=utf8 COLLATE=utf8_bin;

-- ----------------------------
-- Records of act_ru_job
-- ----------------------------

-- ----------------------------
-- Table structure for act_ru_task
-- ----------------------------
DROP TABLE IF EXISTS `act_ru_task`;
CREATE TABLE `act_ru_task` (
  `ID_` varchar(64) COLLATE utf8_bin NOT NULL,
  `REV_` int(11) DEFAULT NULL,
  `EXECUTION_ID_` varchar(64) COLLATE utf8_bin DEFAULT NULL,
  `PROC_INST_ID_` varchar(64) COLLATE utf8_bin DEFAULT NULL,
  `PROC_DEF_ID_` varchar(64) COLLATE utf8_bin DEFAULT NULL,
  `NAME_` varchar(255) COLLATE utf8_bin DEFAULT NULL,
  `PARENT_TASK_ID_` varchar(64) COLLATE utf8_bin DEFAULT NULL,
  `DESCRIPTION_` varchar(4000) COLLATE utf8_bin DEFAULT NULL,
  `TASK_DEF_KEY_` varchar(255) COLLATE utf8_bin DEFAULT NULL,
  `OWNER_` varchar(255) COLLATE utf8_bin DEFAULT NULL,
  `ASSIGNEE_` varchar(255) COLLATE utf8_bin DEFAULT NULL,
  `DELEGATION_` varchar(64) COLLATE utf8_bin DEFAULT NULL,
  `PRIORITY_` int(11) DEFAULT NULL,
  `CREATE_TIME_` timestamp(3) NULL DEFAULT NULL,
  `DUE_DATE_` datetime(3) DEFAULT NULL,
  `CATEGORY_` varchar(255) COLLATE utf8_bin DEFAULT NULL,
  `SUSPENSION_STATE_` int(11) DEFAULT NULL,
  `TENANT_ID_` varchar(255) COLLATE utf8_bin DEFAULT '',
  `FORM_KEY_` varchar(255) COLLATE utf8_bin DEFAULT NULL,
  PRIMARY KEY (`ID_`),
  KEY `ACT_IDX_TASK_CREATE` (`CREATE_TIME_`),
  KEY `ACT_FK_TASK_EXE` (`EXECUTION_ID_`),
  KEY `ACT_FK_TASK_PROCINST` (`PROC_INST_ID_`),
  KEY `ACT_FK_TASK_PROCDEF` (`PROC_DEF_ID_`),
  CONSTRAINT `ACT_FK_TASK_EXE` FOREIGN KEY (`EXECUTION_ID_`) REFERENCES `act_ru_execution` (`ID_`),
  CONSTRAINT `ACT_FK_TASK_PROCDEF` FOREIGN KEY (`PROC_DEF_ID_`) REFERENCES `act_re_procdef` (`ID_`),
  CONSTRAINT `ACT_FK_TASK_PROCINST` FOREIGN KEY (`PROC_INST_ID_`) REFERENCES `act_ru_execution` (`ID_`)
) ENGINE=InnoDB DEFAULT CHARSET=utf8 COLLATE=utf8_bin;

-- ----------------------------
-- Records of act_ru_task
-- ----------------------------

-- ----------------------------
-- Table structure for act_ru_variable
-- ----------------------------
DROP TABLE IF EXISTS `act_ru_variable`;
CREATE TABLE `act_ru_variable` (
  `ID_` varchar(64) COLLATE utf8_bin NOT NULL,
  `REV_` int(11) DEFAULT NULL,
  `TYPE_` varchar(255) COLLATE utf8_bin NOT NULL,
  `NAME_` varchar(255) COLLATE utf8_bin NOT NULL,
  `EXECUTION_ID_` varchar(64) COLLATE utf8_bin DEFAULT NULL,
  `PROC_INST_ID_` varchar(64) COLLATE utf8_bin DEFAULT NULL,
  `TASK_ID_` varchar(64) COLLATE utf8_bin DEFAULT NULL,
  `BYTEARRAY_ID_` varchar(64) COLLATE utf8_bin DEFAULT NULL,
  `DOUBLE_` double DEFAULT NULL,
  `LONG_` bigint(20) DEFAULT NULL,
  `TEXT_` varchar(4000) COLLATE utf8_bin DEFAULT NULL,
  `TEXT2_` varchar(4000) COLLATE utf8_bin DEFAULT NULL,
  PRIMARY KEY (`ID_`),
  KEY `ACT_IDX_VARIABLE_TASK_ID` (`TASK_ID_`),
  KEY `ACT_FK_VAR_EXE` (`EXECUTION_ID_`),
  KEY `ACT_FK_VAR_PROCINST` (`PROC_INST_ID_`),
  KEY `ACT_FK_VAR_BYTEARRAY` (`BYTEARRAY_ID_`),
  CONSTRAINT `ACT_FK_VAR_BYTEARRAY` FOREIGN KEY (`BYTEARRAY_ID_`) REFERENCES `act_ge_bytearray` (`ID_`),
  CONSTRAINT `ACT_FK_VAR_EXE` FOREIGN KEY (`EXECUTION_ID_`) REFERENCES `act_ru_execution` (`ID_`),
  CONSTRAINT `ACT_FK_VAR_PROCINST` FOREIGN KEY (`PROC_INST_ID_`) REFERENCES `act_ru_execution` (`ID_`)
) ENGINE=InnoDB DEFAULT CHARSET=utf8 COLLATE=utf8_bin;

-- ----------------------------
-- Records of act_ru_variable
-- ----------------------------

-- ----------------------------
-- Table structure for sys_department
-- ----------------------------
DROP TABLE IF EXISTS `sys_department`;
CREATE TABLE `sys_department` (
  `ids` varchar(32) COLLATE utf8_bin NOT NULL,
  `version` bigint(20) DEFAULT NULL,
  `allchildnodeids` varchar(2000) COLLATE utf8_bin DEFAULT NULL,
  `departmentlevel` bigint(20) DEFAULT NULL,
  `depttype` char(1) COLLATE utf8_bin DEFAULT NULL,
  `description` varchar(200) COLLATE utf8_bin DEFAULT NULL,
  `images` varchar(50) COLLATE utf8_bin DEFAULT NULL,
  `isparent` varchar(5) COLLATE utf8_bin DEFAULT NULL,
  `names` varchar(25) COLLATE utf8_bin DEFAULT NULL,
  `orderids` bigint(20) DEFAULT NULL,
  `url` varchar(100) COLLATE utf8_bin DEFAULT NULL,
  `parentdepartmentids` varchar(32) COLLATE utf8_bin DEFAULT NULL,
  `principaluserids` varchar(32) COLLATE utf8_bin DEFAULT NULL,
  PRIMARY KEY (`ids`)
) ENGINE=InnoDB DEFAULT CHARSET=utf8 COLLATE=utf8_bin;

-- ----------------------------
-- Records of sys_department
-- ----------------------------
INSERT INTO `sys_department` VALUES ('8a40c0353fa828a6013fa898d4ac0026', '0', null, '-1', null, '根节点', '1_open.png', 'true', '公司部门组织结构', '1', '#', null, null);
INSERT INTO `sys_department` VALUES ('8a40c0353fa828a6013fa898d4ac0027', '0', null, '0', null, '系统平台部', '2.png', 'true', '系统平台部', '0', null, '8a40c0353fa828a6013fa898d4ac0026', null);
INSERT INTO `sys_department` VALUES ('8a40c0353fa828a6013fa898d4ac0028', '0', null, '0', null, '运维部', '3.png', 'false', '运维部', '0', null, '8a40c0353fa828a6013fa898d4ac0027', '03a44ba0aa4e4905bea726d4da976ba5');
INSERT INTO `sys_department` VALUES ('8a40c0353fa828a6013fa898d4ac0029', '0', null, '0', null, '测试账户', '4.png', 'true', '测试部门', '0', null, '8a40c0353fa828a6013fa898d4ac0026', null);
INSERT INTO `sys_department` VALUES ('8a40c0353fa828a6013fa898d4ac0030', '0', null, '0', null, '子部门2', '5.png', 'true', '平台组', '0', null, '8a40c0353fa828a6013fa898d4ac0029', '03a44ba0aa4e4905bea726d4da976ba5');

-- ----------------------------
-- Table structure for sys_menu
-- ----------------------------
DROP TABLE IF EXISTS `sys_menu`;
CREATE TABLE `sys_menu` (
  `id` varchar(32) COLLATE utf8_bin NOT NULL,
  `name` varchar(25) COLLATE utf8_bin DEFAULT NULL,
  `operatorid` varchar(32) COLLATE utf8_bin DEFAULT NULL,
  `parent_id` varchar(32) COLLATE utf8_bin DEFAULT NULL,
  `isparent` varchar(5) COLLATE utf8_bin DEFAULT NULL,
  `order` bigint(20) DEFAULT NULL,
  `icon` varchar(50) COLLATE utf8_bin DEFAULT NULL COMMENT '图标',
  PRIMARY KEY (`id`)
) ENGINE=InnoDB DEFAULT CHARSET=utf8 COLLATE=utf8_bin;

-- ----------------------------
-- Records of sys_menu
-- ----------------------------
INSERT INTO `sys_menu` VALUES ('1', '系统设置', '0', '#root', 'true', '0', null);
INSERT INTO `sys_menu` VALUES ('11', '菜单管理', '0', '1', 'false', '0', null);
INSERT INTO `sys_menu` VALUES ('12', '岗位管理', '0', '1', 'false', '0', null);
INSERT INTO `sys_menu` VALUES ('13', '组织结构', '0', '1', 'false', '0', null);
INSERT INTO `sys_menu` VALUES ('14', '用户管理', '0', '1', 'false', '0', null);
INSERT INTO `sys_menu` VALUES ('2', '权限管理', '0', '#root', 'false', '0', null);
INSERT INTO `sys_menu` VALUES ('21', '功能管理', '0', '2', 'false', '0', null);
INSERT INTO `sys_menu` VALUES ('22', '角色管理', '0', '2', 'false', '0', null);
INSERT INTO `sys_menu` VALUES ('23', '权限分配', '0', '2', 'false', '0', null);
INSERT INTO `sys_menu` VALUES ('3', '内容管理', '0', '#root', 'false', '0', null);
INSERT INTO `sys_menu` VALUES ('31', '栏目管理', '0', '3', 'false', '0', null);
INSERT INTO `sys_menu` VALUES ('32', '内容管理', '0', '3', 'false', '0', null);
INSERT INTO `sys_menu` VALUES ('4', '流程管理', '0', '#root', 'false', '0', null);
INSERT INTO `sys_menu` VALUES ('41', '运行中的流程', '0', '4', 'false', '0', null);
INSERT INTO `sys_menu` VALUES ('42', '模型管理', '0', '4', 'false', '0', null);
INSERT INTO `sys_menu` VALUES ('43', '表单设计流程', '0', '4', 'false', '0', null);

-- ----------------------------
-- Table structure for sys_module
-- ----------------------------
DROP TABLE IF EXISTS `sys_module`;
CREATE TABLE `sys_module` (
  `ids` varchar(32) COLLATE utf8_bin NOT NULL,
  `version` bigint(20) DEFAULT NULL,
  `description` varchar(200) COLLATE utf8_bin DEFAULT NULL,
  `images` varchar(50) COLLATE utf8_bin DEFAULT NULL,
  `isparent` varchar(5) COLLATE utf8_bin DEFAULT NULL,
  `names` varchar(25) COLLATE utf8_bin DEFAULT NULL,
  `orderids` bigint(20) DEFAULT NULL,
  `parentmoduleids` varchar(32) COLLATE utf8_bin DEFAULT NULL,
  `systemsids` varchar(32) COLLATE utf8_bin DEFAULT NULL,
  PRIMARY KEY (`ids`)
) ENGINE=InnoDB DEFAULT CHARSET=utf8 COLLATE=utf8_bin;

-- ----------------------------
-- Records of sys_module
-- ----------------------------
INSERT INTO `sys_module` VALUES ('297e0cf944e9762e0144e97dfd6e00c9', '0', '数据源', '2.png', 'true', '数据源', '2', 'ec01ee2ea97a4ff1b2371304b8d0fe34', '8a40c0353fa828a6013fa898d4ac0020');
INSERT INTO `sys_module` VALUES ('33a6f5664a194da8bc2394826cc25bc3', '0', null, '2.png', 'true', '岗位功能', '2', '6c4e642b911e468dbdcb62c9b4669eb3', '8a40c0353fa828a6013fa898d4ac0020');
INSERT INTO `sys_module` VALUES ('377c7b7a896b43d0992c630d62bd596d', '0', null, '2.png', 'true', '用户岗位', '2', '6c4e642b911e468dbdcb62c9b4669eb3', '8a40c0353fa828a6013fa898d4ac0020');
INSERT INTO `sys_module` VALUES ('417ed3d3cf4d4b7a939613829e8db17d', '0', null, '3.png', 'true', '消息管理', '3', '8a40c0353fa828a6013fa898d4ac1100', 'd3a5c976c4c24751b6b00ec775692683');
INSERT INTO `sys_module` VALUES ('4c343ddf030d4e17b6db83465600778b', '0', null, '2.png', 'true', '验证码', '2', '75f9bd430f4a4ec7b0a71928e15ea5f7', '8a40c0353fa828a6013fa898d4ac0020');
INSERT INTO `sys_module` VALUES ('529d39f773a54ff39eea877f606d74b0', '0', null, '2.png', 'true', 'Ueditor', '2', '75f9bd430f4a4ec7b0a71928e15ea5f7', '8a40c0353fa828a6013fa898d4ac0020');
INSERT INTO `sys_module` VALUES ('625e895224aa424693149208c9d4073e', '0', null, '2.png', 'true', '分组角色', '2', '6c4e642b911e468dbdcb62c9b4669eb3', '8a40c0353fa828a6013fa898d4ac0020');
INSERT INTO `sys_module` VALUES ('68422887e56645728038cdde08caef9a', '0', null, '2.png', 'true', 'Test', '2', '8a40c0353fa828a6013fa898d4ac0020', '8a40c0353fa828a6013fa898d4ac0020');
INSERT INTO `sys_module` VALUES ('6c4e642b911e468dbdcb62c9b4669eb3', '0', null, '2.png', 'true', '权限', '2', '8a40c0353fa828a6013fa898d4ac0020', '8a40c0353fa828a6013fa898d4ac0020');
INSERT INTO `sys_module` VALUES ('75f9bd430f4a4ec7b0a71928e15ea5f7', '0', null, '2.png', 'true', '通用功能', '2', '8a40c0353fa828a6013fa898d4ac0020', '8a40c0353fa828a6013fa898d4ac0020');
INSERT INTO `sys_module` VALUES ('7a35846a305c42abb68601b4f7347289', '0', null, '4.png', 'true', '主页管理', '4', '8a40c0353fa828a6013fa898d4ac1100', 'd3a5c976c4c24751b6b00ec775692683');
INSERT INTO `sys_module` VALUES ('7cbeac9418c946a2bda0c6aabf23c276', '0', null, '2.png', 'true', '博客', '2', '68422887e56645728038cdde08caef9a', '8a40c0353fa828a6013fa898d4ac0020');
INSERT INTO `sys_module` VALUES ('8a40c0353fa828a6013fa898d4ac0020', '0', '根节点', '3.png', 'true', '根节点', '1', null, '8a40c0353fa828a6013fa898d4ac0020');
INSERT INTO `sys_module` VALUES ('8a40c0353fa828a6013fa898d4ac0021', '0', '后台登陆', '8.png', 'true', '登陆', '1', '6c4e642b911e468dbdcb62c9b4669eb3', '8a40c0353fa828a6013fa898d4ac0020');
INSERT INTO `sys_module` VALUES ('8a40c0353fa828a6013fa898d4ac0022', '0', '字典', '2.png', 'true', '字典', '2', 'eabc054760164b4cb730c4f5c2a4d305', '8a40c0353fa828a6013fa898d4ac0020');
INSERT INTO `sys_module` VALUES ('8a40c0353fa828a6013fa898d4ac0023', '0', '用户分组管理', '2.png', 'true', '分组', '2', '6c4e642b911e468dbdcb62c9b4669eb3', '8a40c0353fa828a6013fa898d4ac0020');
INSERT INTO `sys_module` VALUES ('8a40c0353fa828a6013fa898d4ac0024', '0', '角色管理', '2.png', 'true', '角色', '3', '6c4e642b911e468dbdcb62c9b4669eb3', '8a40c0353fa828a6013fa898d4ac0020');
INSERT INTO `sys_module` VALUES ('8a40c0353fa828a6013fa898d4ac0025', '0', '岗位管理', '5.png', 'true', '岗位', '4', 'cbe70ed41ad040938cfd7bcc5f4f0c58', '8a40c0353fa828a6013fa898d4ac0020');
INSERT INTO `sys_module` VALUES ('8a40c0353fa828a6013fa898d4ac0026', '0', '系统管理', '5.png', 'true', '系统', '5', 'cbe70ed41ad040938cfd7bcc5f4f0c58', '8a40c0353fa828a6013fa898d4ac0020');
INSERT INTO `sys_module` VALUES ('8a40c0353fa828a6013fa898d4ac0027', '0', '功能管理', '7.png', 'true', '功能', '6', '6c4e642b911e468dbdcb62c9b4669eb3', '8a40c0353fa828a6013fa898d4ac0020');
INSERT INTO `sys_module` VALUES ('8a40c0353fa828a6013fa898d4ac0028', '0', '部门管理', '3.png', 'true', '部门', '7', 'cbe70ed41ad040938cfd7bcc5f4f0c58', '8a40c0353fa828a6013fa898d4ac0020');
INSERT INTO `sys_module` VALUES ('8a40c0353fa828a6013fa898d4ac0029', '0', '日志管理', '6.png', 'true', '日志', '11', 'ec01ee2ea97a4ff1b2371304b8d0fe34', '8a40c0353fa828a6013fa898d4ac0020');
INSERT INTO `sys_module` VALUES ('8a40c0353fa828a6013fa898d4ac0030', '0', '用户管理', '3.png', 'true', '用户', '1', 'cbe70ed41ad040938cfd7bcc5f4f0c58', '8a40c0353fa828a6013fa898d4ac0020');
INSERT INTO `sys_module` VALUES ('8a40c0353fa828a6013fa898d4ac0031', '0', '公共功能', '5.png', 'true', '公共', '1', '75f9bd430f4a4ec7b0a71928e15ea5f7', '8a40c0353fa828a6013fa898d4ac0020');
INSERT INTO `sys_module` VALUES ('8a40c0353fa828a6013fa898d4ac0032', '0', '菜单管理', '8.png', 'true', '菜单', '1', '6c4e642b911e468dbdcb62c9b4669eb3', '8a40c0353fa828a6013fa898d4ac0020');
INSERT INTO `sys_module` VALUES ('8a40c0353fa828a6013fa898d4ac0033', '0', '模块管理', '7.png', 'true', '模块', '1', '6c4e642b911e468dbdcb62c9b4669eb3', '8a40c0353fa828a6013fa898d4ac0020');
INSERT INTO `sys_module` VALUES ('8a40c0353fa828a6013fa898d4ac1100', '0', '根节点', '3.png', 'true', '根节点', '1', null, 'd3a5c976c4c24751b6b00ec775692683');
INSERT INTO `sys_module` VALUES ('8a40c0353fa828a6013fa898d4ac2200', '0', '根节点', '3.png', 'true', '根节点', '1', null, '0c1230c98ef34e58947903fab5a4fa85');
INSERT INTO `sys_module` VALUES ('8d7a260e02674bd3873656deb716202e', '0', null, '4.png', 'false', '文件上传', '4', '75f9bd430f4a4ec7b0a71928e15ea5f7', '8a40c0353fa828a6013fa898d4ac0020');
INSERT INTO `sys_module` VALUES ('8f53706d4af541588bde334d99d44727', '0', null, '6.png', 'true', '自动回复', '6', '8a40c0353fa828a6013fa898d4ac1100', 'd3a5c976c4c24751b6b00ec775692683');
INSERT INTO `sys_module` VALUES ('c4ab6b8d50434ddf8fa0ec106fcfc6ea', '0', null, '2.png', 'true', '角色功能', '2', '6c4e642b911e468dbdcb62c9b4669eb3', '8a40c0353fa828a6013fa898d4ac0020');
INSERT INTO `sys_module` VALUES ('c4e63c4171db4ae2a83f7dfcc2656b0e', '0', null, '2.png', 'true', '用户管理', '2', '8a40c0353fa828a6013fa898d4ac1100', 'd3a5c976c4c24751b6b00ec775692683');
INSERT INTO `sys_module` VALUES ('c87c35097a2d4bc898fe6e9b1e280a3d', '0', null, '5.png', 'true', '位置管理', '5', '8a40c0353fa828a6013fa898d4ac1100', 'd3a5c976c4c24751b6b00ec775692683');
INSERT INTO `sys_module` VALUES ('c9cbb508c11b4b10aeac87a4f3ebc340', '0', null, '2.png', 'true', '资源负载', '2', 'ec01ee2ea97a4ff1b2371304b8d0fe34', '8a40c0353fa828a6013fa898d4ac0020');
INSERT INTO `sys_module` VALUES ('cbe70ed41ad040938cfd7bcc5f4f0c58', '0', null, '2.png', 'true', '组织机构', '2', '8a40c0353fa828a6013fa898d4ac0020', '8a40c0353fa828a6013fa898d4ac0020');
INSERT INTO `sys_module` VALUES ('e6eb0165223447218410f867a9614300', '0', null, '2.png', 'true', '分组管理', '2', '8a40c0353fa828a6013fa898d4ac1100', 'd3a5c976c4c24751b6b00ec775692683');
INSERT INTO `sys_module` VALUES ('eabc054760164b4cb730c4f5c2a4d305', '0', null, '2.png', 'true', '配置项', '2', '8a40c0353fa828a6013fa898d4ac0020', '8a40c0353fa828a6013fa898d4ac0020');
INSERT INTO `sys_module` VALUES ('ec01ee2ea97a4ff1b2371304b8d0fe34', '0', null, '2.png', 'true', '运维', '2', '8a40c0353fa828a6013fa898d4ac0020', '8a40c0353fa828a6013fa898d4ac0020');
INSERT INTO `sys_module` VALUES ('f2496d3a9635448280b28fbc373f6db6', '0', null, '2.png', 'true', '新增模块9', '2', 'cbe70ed41ad040938cfd7bcc5f4f0c58', '8a40c0353fa828a6013fa898d4ac0020');
INSERT INTO `sys_module` VALUES ('f7fbc8e3ee59405dabe02e18d562abf4', '0', null, '2.png', 'true', '用户分组', '2', '6c4e642b911e468dbdcb62c9b4669eb3', '8a40c0353fa828a6013fa898d4ac0020');
INSERT INTO `sys_module` VALUES ('f85f516c0b86439087d48a45173ba0e7', '0', null, '2.png', 'true', 'Log4j', '2', 'ec01ee2ea97a4ff1b2371304b8d0fe34', '8a40c0353fa828a6013fa898d4ac0020');
INSERT INTO `sys_module` VALUES ('ffeeb72e053a4a86a4fe242642877a44', '0', null, '2.png', 'true', '参数管理', '2', 'eabc054760164b4cb730c4f5c2a4d305', '8a40c0353fa828a6013fa898d4ac0020');

-- ----------------------------
-- Table structure for sys_operator
-- ----------------------------
DROP TABLE IF EXISTS `sys_operator`;
CREATE TABLE `sys_operator` (
  `ids` varchar(32) COLLATE utf8_bin NOT NULL,
  `version` bigint(20) DEFAULT NULL,
  `description` varchar(200) COLLATE utf8_bin DEFAULT NULL,
  `names` varchar(25) COLLATE utf8_bin DEFAULT NULL,
  `onemany` char(1) COLLATE utf8_bin DEFAULT NULL,
  `returnparamkeys` varchar(100) COLLATE utf8_bin DEFAULT NULL,
  `returnurl` varchar(200) COLLATE utf8_bin DEFAULT NULL,
  `rowfilter` char(1) COLLATE utf8_bin DEFAULT NULL,
  `url` varchar(200) COLLATE utf8_bin DEFAULT NULL,
  `moduleids` varchar(32) COLLATE utf8_bin DEFAULT NULL,
  `splitpage` char(1) COLLATE utf8_bin DEFAULT NULL,
  `formtoken` char(1) COLLATE utf8_bin DEFAULT NULL,
  `ipblack` char(1) COLLATE utf8_bin DEFAULT NULL,
  `privilegess` char(1) COLLATE utf8_bin DEFAULT NULL,
  `ispv` char(1) COLLATE utf8_bin DEFAULT NULL,
  `pvtype` char(1) COLLATE utf8_bin DEFAULT NULL,
  `modulenames` varchar(50) COLLATE utf8_bin DEFAULT NULL,
  PRIMARY KEY (`ids`),
  KEY `onemanyindex` (`onemany`) USING BTREE,
  KEY `returnparamkeysindex` (`returnparamkeys`) USING BTREE,
  KEY `returnurlindex` (`returnurl`) USING BTREE,
  KEY `rowfilterindex` (`rowfilter`) USING BTREE,
  KEY `urlindex` (`url`) USING BTREE
) ENGINE=InnoDB DEFAULT CHARSET=utf8 COLLATE=utf8_bin;

-- ----------------------------
-- Records of sys_operator
-- ----------------------------
INSERT INTO `sys_operator` VALUES ('01aa0c85c8b84ae8aca7f5484336b203', '0', null, '保存', null, null, null, '0', '/platform/dict/save', '8a40c0353fa828a6013fa898d4ac0022', '0', '0', '0', '1', null, null, '字典');
INSERT INTO `sys_operator` VALUES ('0478826a46df4f20b12f4043a97f8209', '0', null, '验证码', null, null, null, '0', '/platform/authImg', '4c343ddf030d4e17b6db83465600778b', '0', '0', '0', '0', null, null, '验证码');
INSERT INTO `sys_operator` VALUES ('05114c0cbe1f4c2095b3216f13cfb681', '0', null, '保存', null, null, null, '0', '/wx/keyword/save', '8f53706d4af541588bde334d99d44727', '0', '0', '0', '1', null, null, '自动回复');
INSERT INTO `sys_operator` VALUES ('053d330462e1459ca1012c9d29113bc4', '0', null, '获取部门负责人', null, null, null, '0', '/platform/dept/getPrincipal', '8a40c0353fa828a6013fa898d4ac0028', '0', '0', '0', '1', null, null, '部门');
INSERT INTO `sys_operator` VALUES ('0773a58c4bdb4858ab062c4a2a4da69a', '0', null, '默认主页', null, null, null, '0', '/wx/keyword', '8f53706d4af541588bde334d99d44727', '1', '0', '0', '1', null, null, '自动回复');
INSERT INTO `sys_operator` VALUES ('08a96d5dd37f49459eeb02eebeb0a78c', '0', null, '列表', null, null, null, '0', '/platform/roleOperator', 'c4ab6b8d50434ddf8fa0ec106fcfc6ea', '1', '0', '0', '1', null, null, '角色功能');
INSERT INTO `sys_operator` VALUES ('091855dd809b418fae88a7fec6d9f246', '0', null, '准备更新', null, null, null, '0', '/platform/dict/edit', '8a40c0353fa828a6013fa898d4ac0022', '0', '0', '0', '1', null, null, '字典');
INSERT INTO `sys_operator` VALUES ('09b6ce29313c4051ba765de516a9b283', '0', null, 'treeData', null, null, null, '0', '/platform/station/treeData', '8a40c0353fa828a6013fa898d4ac0025', '0', '0', '0', '1', null, null, '岗位');
INSERT INTO `sys_operator` VALUES ('09dbbe046d6e469d8a5ba12e29abc522', '0', null, '菜单功能列表', null, null, null, '0', '/platform/menu/list', '8a40c0353fa828a6013fa898d4ac0032', '1', '0', '0', '1', null, null, '菜单');
INSERT INTO `sys_operator` VALUES ('0da15c49299d41a4b720f787d053e3cb', '0', null, '默认列表', null, null, null, '0', '/platform/operator', '8a40c0353fa828a6013fa898d4ac0027', '1', '0', '0', '1', null, null, '功能');
INSERT INTO `sys_operator` VALUES ('0fb7938c7d614fc389568eb67b442303', '0', null, '单选', null, null, null, '0', '/platform/module/radio.html', '8a40c0353fa828a6013fa898d4ac0033', '0', '0', '0', '1', null, null, '模块');
INSERT INTO `sys_operator` VALUES ('1046389d8525451697f2793185e7d6ee', '0', null, '更新', null, null, null, '0', '/platform/dept/update', '8a40c0353fa828a6013fa898d4ac0028', '0', '0', '0', '1', null, null, '部门');
INSERT INTO `sys_operator` VALUES ('10499bc7f9cb4adf99beba00343b4ea6', '0', null, '获取菜单功能', null, null, null, '0', '/platform/menu/getOperator', '8a40c0353fa828a6013fa898d4ac0032', '0', '0', '0', '1', null, null, '菜单');
INSERT INTO `sys_operator` VALUES ('12141c1c3be241ca8a868bce9cd610d5', '0', null, '准备添加', null, null, null, '0', '/platform/dict/add.html', '8a40c0353fa828a6013fa898d4ac0022', '0', '0', '0', '1', null, null, '字典');
INSERT INTO `sys_operator` VALUES ('1329f58a0eed44e195dec78bddc591b6', '0', null, '单文件分片上传', null, null, null, '0', '/platform/upload/slice', '8d7a260e02674bd3873656deb716202e', '0', '0', '0', '1', null, null, '上传文件');
INSERT INTO `sys_operator` VALUES ('15566e63f3104c73b4a0b4a784dd11ca', '0', null, '保存', null, null, null, '0', '/platform/role/save', '8a40c0353fa828a6013fa898d4ac0024', '0', '0', '0', '1', null, null, '角色');
INSERT INTO `sys_operator` VALUES ('18f50e0f48ef4dd9bec85f5612ab10c0', '0', null, '功能列表', null, null, null, '0', '/platform/test/operator', '68422887e56645728038cdde08caef9a', '1', '0', '0', '1', null, null, 'Test');
INSERT INTO `sys_operator` VALUES ('1a8b4d8e4411412fa8bb561393563a85', '0', null, '准备添加', null, null, null, '0', '/platform/user/add.html', '8a40c0353fa828a6013fa898d4ac0030', '0', '0', '0', '1', null, null, '用户');
INSERT INTO `sys_operator` VALUES ('1b0d7476974e4bf9b52f75fb82f87330', '0', null, '分组默认列表', null, null, null, '0', '/platform/group', '8a40c0353fa828a6013fa898d4ac0023', '1', '0', '0', '1', null, null, '分组');
INSERT INTO `sys_operator` VALUES ('1b1a809815574b2a9c1d0e18d692de17', '0', null, '更新', null, null, null, '0', '/platform/operator/update', '8a40c0353fa828a6013fa898d4ac0027', '0', '0', '0', '1', null, null, '功能');
INSERT INTO `sys_operator` VALUES ('1d2b6919b80a4a21821adc3efcda77b2', '0', null, '列表', null, null, null, '0', '/platform/upload/list', '8d7a260e02674bd3873656deb716202e', '1', '0', '0', '1', null, null, '文件上传');
INSERT INTO `sys_operator` VALUES ('1f05b6496a494f488e4cacd2a449c37a', '0', null, '删除', null, null, null, '0', '/platform/stationOperator/del', '33a6f5664a194da8bc2394826cc25bc3', '0', '0', '0', '1', null, null, '岗位功能');
INSERT INTO `sys_operator` VALUES ('21141da4febe4c929abe37126b37fd12', '0', null, '多选', null, null, null, '0', '/platform/station/checkbox.html', '8a40c0353fa828a6013fa898d4ac0025', '0', '0', '0', '1', null, null, '岗位');
INSERT INTO `sys_operator` VALUES ('21b0a910ef6e4c60a325d5e57e6e6f65', '0', null, '单选', null, null, null, '0', '/platform/dict/radio.html', '8a40c0353fa828a6013fa898d4ac0022', '0', '0', '0', '1', null, null, '字典');
INSERT INTO `sys_operator` VALUES ('22926eb196a14b48be775f4880b5ba94', '0', null, '保存', null, null, null, '0', '/platform/group/save', '8a40c0353fa828a6013fa898d4ac0023', '0', '0', '0', '1', null, null, '分组');
INSERT INTO `sys_operator` VALUES ('2329f58a0eed44e195dec78bddc591b7', '0', null, '多文件分片上传', null, null, null, '0', '/platform/upload/slices', '8d7a260e02674bd3873656deb716202e', '0', '0', '0', '1', null, null, '上传文件');
INSERT INTO `sys_operator` VALUES ('233356b63d8e477fb6e948b703232809', '0', null, '默认树', null, null, null, '0', '/platform/station', '8a40c0353fa828a6013fa898d4ac0025', '0', '0', '0', '1', null, null, '岗位');
INSERT INTO `sys_operator` VALUES ('235d855d7b914d728e434f0f309aa04d', '0', null, '默认列表', null, null, null, '0', '/platform/sysLog', '8a40c0353fa828a6013fa898d4ac0029', '1', '0', '0', '1', null, null, '日志');
INSERT INTO `sys_operator` VALUES ('235d855d7b914d728e434f0f309ab041', '0', null, '导出', null, null, null, '0', '/platform/sysLog/export', '8a40c0353fa828a6013fa898d4ac0029', '1', '0', '0', '1', null, null, '日志');
INSERT INTO `sys_operator` VALUES ('29c18b3394924c30882da049da14ad99', '0', null, '更新', null, null, null, '0', '/platform/role/update', '8a40c0353fa828a6013fa898d4ac0024', '0', '0', '0', '1', null, null, '角色');
INSERT INTO `sys_operator` VALUES ('2bd0e8f116f9420692a81d1723cecf5c', '0', null, '日志列表', null, null, null, '0', '/platform/test/sysLog', '68422887e56645728038cdde08caef9a', '1', '0', '0', '1', null, null, 'Test');
INSERT INTO `sys_operator` VALUES ('2be34991827e4e8da8e92f9b9e8bce25', '0', null, 'treeTableSub', null, null, null, '0', '/platform/dict/treeTable', '8a40c0353fa828a6013fa898d4ac0022', '0', '0', '0', '1', null, null, '字典');
INSERT INTO `sys_operator` VALUES ('2c2063e17dc742a3b9c330b84c5dfa6a', '0', null, '自动补全', null, null, null, '0', '/platform/test/autoComplete', '68422887e56645728038cdde08caef9a', '0', '0', '0', '1', null, null, 'Test');
INSERT INTO `sys_operator` VALUES ('2c91467f905a4f5ba9f52830131c8ad9', '0', null, '默认分组列表', null, null, null, '0', '/wx/group', 'e6eb0165223447218410f867a9614300', '1', '0', '0', '1', null, null, '分组管理');
INSERT INTO `sys_operator` VALUES ('2e32e08e495b4ccea6148774e9f91182', '0', null, '查看', null, null, null, '0', '/platform/param/view', 'ffeeb72e053a4a86a4fe242642877a44', '0', '0', '0', '1', null, null, '参数管理');
INSERT INTO `sys_operator` VALUES ('2fbbc9cfb0bf4b5bb504ead155c3423c', '0', null, '保存', null, null, null, '0', '/platform/station/save', '8a40c0353fa828a6013fa898d4ac0025', '0', '0', '0', '1', null, null, '岗位');
INSERT INTO `sys_operator` VALUES ('2fee901117c64e18873f60e8f800713d', '0', null, '单选', null, null, null, '0', '/platform/station/radio.html', '8a40c0353fa828a6013fa898d4ac0025', '0', '0', '0', '1', null, null, '岗位');
INSERT INTO `sys_operator` VALUES ('3085a3b0c20d4f3aaa7c2d27fe986aba', '0', null, '博客添加', null, null, null, '0', '/test/blog/add.html', '7cbeac9418c946a2bda0c6aabf23c276', '0', '0', '0', '1', null, null, '博客');
INSERT INTO `sys_operator` VALUES ('30bf01ffe1cb4ed39e92c6600ea39e93', '0', null, '添加', null, null, null, '0', '/platform/groupRole/addRole', '625e895224aa424693149208c9d4073e', '0', '0', '0', '1', null, null, '分组角色');
INSERT INTO `sys_operator` VALUES ('32a3e59964204a3c8848e84b864306ae', '0', null, '删除', null, null, null, '0', '/platform/systems/delete', '8a40c0353fa828a6013fa898d4ac0026', '0', '0', '0', '1', null, null, '系统');
INSERT INTO `sys_operator` VALUES ('3329f58a0eed44e195dec78bddc591b8', '0', null, '验证文件md5', null, null, null, '0', '/platform/upload/md5', '8d7a260e02674bd3873656deb716202e', '0', '0', '0', '1', null, null, '上传文件');
INSERT INTO `sys_operator` VALUES ('335d1f8f46eb47a18001889f8cc21348', '0', null, '删除', null, null, null, '0', '/platform/role/delete', '8a40c0353fa828a6013fa898d4ac0024', '0', '0', '0', '1', null, null, '角色');
INSERT INTO `sys_operator` VALUES ('351851fb7fce48f9a0ff6747971715ac', '0', null, 'lucene', null, null, null, '0', '/platform/test/lucene', '68422887e56645728038cdde08caef9a', '1', '0', '0', '1', null, null, 'Test');
INSERT INTO `sys_operator` VALUES ('362cf247241c4d12b6242301e4a73516', '0', null, '删除', null, null, null, '0', '/platform/station/delete', '8a40c0353fa828a6013fa898d4ac0025', '0', '0', '0', '1', null, null, '岗位');
INSERT INTO `sys_operator` VALUES ('37218fb52ec94fb4bf76209a17916094', '0', null, '默认树', null, null, null, '0', '/platform/module', '8a40c0353fa828a6013fa898d4ac0033', '0', '0', '0', '1', null, null, '模块');
INSERT INTO `sys_operator` VALUES ('39d82b5574b540b88d3723b36eb3e577', '0', null, '验证手机号是否存在', null, null, null, '0', '/platform/login/valiMobile', '8a40c0353fa828a6013fa898d4ac0021', '0', '0', '0', '1', null, null, '登陆');
INSERT INTO `sys_operator` VALUES ('3da96263a14343eaa7b409a93ec9e1db', '0', null, 'treeTable', null, null, null, '0', '/platform/param/treeTable', 'ffeeb72e053a4a86a4fe242642877a44', '0', '0', '0', '1', null, null, '参数管理');
INSERT INTO `sys_operator` VALUES ('3dd486cd58da467dbd83ae420db14815', '0', null, '准备添加', null, null, null, '0', '/weiXin/keyword/add.html', '8f53706d4af541588bde334d99d44727', '0', '0', '0', '1', null, null, '自动回复');
INSERT INTO `sys_operator` VALUES ('3e4e9e72dab243d38a1785d157c24cb6', '0', null, '博客更新', null, null, null, '0', '/test/blog/update', '7cbeac9418c946a2bda0c6aabf23c276', '0', '1', '0', '1', null, null, '博客');
INSERT INTO `sys_operator` VALUES ('3ee5f986289d4a1990f4e42c9a0caadb', '0', null, '准备添加', null, null, null, '0', '/platform/group/add.html', '8a40c0353fa828a6013fa898d4ac0023', '0', '0', '0', '1', null, null, '分组');
INSERT INTO `sys_operator` VALUES ('420d8ebc68ad44dc8188d4c27dc585d1', '0', null, '位置默认列表', null, null, null, '0', '/wx/location', 'c87c35097a2d4bc898fe6e9b1e280a3d', '1', '0', '0', '1', null, null, '位置管理');
INSERT INTO `sys_operator` VALUES ('423e8c2e2a644bbda0803f46ea8f31e2', '0', null, '准备国际化编辑', null, null, null, '0', '/platform/menu/toEdit', '8a40c0353fa828a6013fa898d4ac0032', '0', '0', '0', '1', null, null, '菜单');
INSERT INTO `sys_operator` VALUES ('4376888fd74f4247a926529e5da03442', '0', null, 'treeData', null, null, null, '0', '/platform/user/treeData', '8a40c0353fa828a6013fa898d4ac0030', '0', '0', '0', '1', null, null, '用户');
INSERT INTO `sys_operator` VALUES ('437e05d09dd94720b67c4f230cdebe58', '0', null, '更新', null, null, null, '0', '/platform/module/update', '8a40c0353fa828a6013fa898d4ac0033', '0', '0', '0', '1', null, null, '模块');
INSERT INTO `sys_operator` VALUES ('46b7269a26044dfebb4edd06a2f9cd83', '0', null, '博客列表', null, null, null, '0', '/test/blog', '7cbeac9418c946a2bda0c6aabf23c276', '1', '0', '0', '1', null, null, '博客');
INSERT INTO `sys_operator` VALUES ('46e00ef0fd234e9dbf68ed9bbb437d0f', '0', null, '多选', null, null, null, '0', '/platform/department/checkbox.html', '8a40c0353fa828a6013fa898d4ac0028', '0', '0', '0', '1', null, null, '部门');
INSERT INTO `sys_operator` VALUES ('481d4d5c0a634c4085c72c990260e58d', '0', null, '微信管理主页', null, null, null, '0', '/wx/index/content', '7a35846a305c42abb68601b4f7347289', '0', '0', '0', '1', null, null, '主页管理');
INSERT INTO `sys_operator` VALUES ('483bdacba04f4663986e6339166e8321', '0', null, '验证账号是否存在', null, null, null, '0', '/platform/login/valiUserName', '8a40c0353fa828a6013fa898d4ac0021', '0', '0', '0', '1', null, null, '登陆');
INSERT INTO `sys_operator` VALUES ('48db51f20b504c4ab489b1dcfd3ecbd9', '0', null, '密码变更', null, null, null, '0', '/platform/user/passChange.html', '8a40c0353fa828a6013fa898d4ac0030', '0', '0', '0', '1', null, null, '用户');
INSERT INTO `sys_operator` VALUES ('4959d88b8ca64eb19310c30799faa07c', '0', null, '准备添加', null, null, null, '0', '/platform/param/add.html', 'ffeeb72e053a4a86a4fe242642877a44', '0', '0', '0', '1', null, null, '参数管理');
INSERT INTO `sys_operator` VALUES ('4a6544ae7a2548ad81c0e3994999023c', '0', null, '准备设置菜单功能', null, null, null, '0', '/platform/menu/operatorTree.html', '8a40c0353fa828a6013fa898d4ac0032', '0', '0', '0', '1', null, null, '菜单');
INSERT INTO `sys_operator` VALUES ('4bebccaa8f0c4bfbaa2ff89f00706100', '0', null, '博客编辑', null, null, null, '0', '/test/blog/edit', '7cbeac9418c946a2bda0c6aabf23c276', '0', '0', '0', '1', null, null, '博客');
INSERT INTO `sys_operator` VALUES ('4df80521e66447618796c3cfe02bf239', '0', null, '默认treeTable', null, null, null, '0', '/platform/dict', '8a40c0353fa828a6013fa898d4ac0022', '0', '0', '0', '1', null, null, '字典');
INSERT INTO `sys_operator` VALUES ('4e03be6af2c74dae99a131a1ab3569f6', '0', null, '编辑', null, null, null, '0', '/platform/param/edit', 'ffeeb72e053a4a86a4fe242642877a44', '0', '0', '0', '1', null, null, '参数管理');
INSERT INTO `sys_operator` VALUES ('5148ea207b974ee197f0bc57060ab1ad', '0', null, '删除', null, null, null, '0', '/wx/location/delete', 'c87c35097a2d4bc898fe6e9b1e280a3d', '0', '0', '0', '1', null, null, '位置管理');
INSERT INTO `sys_operator` VALUES ('58a85040aa9f40cca0bdba6e23e30363', '0', null, '保存', null, null, null, '0', '/platform/dept/save', '8a40c0353fa828a6013fa898d4ac0028', '0', '0', '0', '1', null, null, '部门');
INSERT INTO `sys_operator` VALUES ('5b249ad344d948b99f58768c323f5f71', '0', null, '准备添加', null, null, null, '0', '/platform/systems/add.html', '8a40c0353fa828a6013fa898d4ac0026', '0', '0', '0', '1', null, null, '系统');
INSERT INTO `sys_operator` VALUES ('5b47ae382f42421682852f889c176d49', '0', null, '验证身份证是否存在', null, null, null, '0', '/platform/login/valiIdcard', '8a40c0353fa828a6013fa898d4ac0021', '0', '0', '0', '1', null, null, '登陆');
INSERT INTO `sys_operator` VALUES ('5c2bdc059ae24ffda2758a2781bb46da', '0', null, 'log4jServlet', null, null, null, '0', '/se/log4j', 'f85f516c0b86439087d48a45173ba0e7', '0', '0', '0', '1', null, null, 'Log4j');
INSERT INTO `sys_operator` VALUES ('5d6f2bb8faa948108081492179d0c0ad', '0', null, '删除', null, null, null, '0', '/platform/upload/delete', '8d7a260e02674bd3873656deb716202e', '0', '0', '0', '1', null, null, '文件上传');
INSERT INTO `sys_operator` VALUES ('5fcac107c80d493d91b53a815d4b297a', '0', null, '保存', null, null, null, '0', '/platform/user/save', '8a40c0353fa828a6013fa898d4ac0030', '0', '0', '0', '1', null, null, '用户');
INSERT INTO `sys_operator` VALUES ('61da3d9c60704621aa60d1da4553a264', '0', null, '添加', null, null, null, '0', '/platform/userGroup/addGroup', 'f7fbc8e3ee59405dabe02e18d562abf4', '0', '0', '0', '1', null, null, '用户分组');
INSERT INTO `sys_operator` VALUES ('6324ff9e83654aa0bf7f9d918b636b55', '0', null, '查看字典', null, null, null, '0', '/platform/dict/view', '8a40c0353fa828a6013fa898d4ac0022', '0', '0', '0', '1', null, null, '字典');
INSERT INTO `sys_operator` VALUES ('6566adb7fc6347e7b01a3c47129b5eb5', '0', null, 'ueditor', null, null, null, '0', '/platform/ueditor', '529d39f773a54ff39eea877f606d74b0', '0', '0', '0', '1', null, null, 'Ueditor');
INSERT INTO `sys_operator` VALUES ('6569e0d9f2cd4e3a97af4e1b0cd8d2f7', '0', null, '删除', null, null, null, '0', '/platform/dict/delete', '8a40c0353fa828a6013fa898d4ac0022', '0', '0', '0', '1', null, null, '字典');
INSERT INTO `sys_operator` VALUES ('671ce1e6167840baaa6d27f4f04574c9', '0', null, '主页', null, null, null, '0', '/platform/param', 'ffeeb72e053a4a86a4fe242642877a44', '0', '0', '0', '1', null, null, '参数管理');
INSERT INTO `sys_operator` VALUES ('6b527ed138c343a89ddf73cf16fef565', '0', null, '更新', null, null, null, '0', '/wx/keyword/update', '8f53706d4af541588bde334d99d44727', '0', '0', '0', '1', null, null, '自动回复');
INSERT INTO `sys_operator` VALUES ('6daed51284f94923b1c8a6414e646959', '0', null, 'treeData', null, null, null, '0', '/platform/operator/treeData', '8a40c0353fa828a6013fa898d4ac0027', '0', '0', '0', '1', null, null, '功能');
INSERT INTO `sys_operator` VALUES ('721f7255449c445faf36607c254eea06', '0', null, 'iframe', null, null, null, '0', '/platform/log4j/iframe.html', 'f85f516c0b86439087d48a45173ba0e7', '0', '0', '0', '1', null, null, 'Log4j');
INSERT INTO `sys_operator` VALUES ('77823e12391a47729a1f82a00bc15c5b', '0', null, '准备更新', null, null, null, '0', '/wx/keyword/edit', '8f53706d4af541588bde334d99d44727', '0', '0', '0', '1', null, null, '自动回复');
INSERT INTO `sys_operator` VALUES ('78c6026c6af44b41a6bef4cdb4cfb414', '0', null, '获取角色功能', null, null, null, '0', '/platform/role/getOperator', '8a40c0353fa828a6013fa898d4ac0024', '0', '0', '0', '1', null, null, '角色');
INSERT INTO `sys_operator` VALUES ('79039a2260da46b0aabb5a62e8db6c87', '0', null, '查看', null, null, null, '0', '/platform/user/view', '8a40c0353fa828a6013fa898d4ac0030', '0', '0', '0', '1', null, null, '用户');
INSERT INTO `sys_operator` VALUES ('7ae62737df444d619f8fd376360d160c', '0', null, '默认列表', null, null, null, '0', '/platform/role', '8a40c0353fa828a6013fa898d4ac0024', '1', '0', '0', '1', null, null, '角色');
INSERT INTO `sys_operator` VALUES ('7b4281dd247c4624bee0d8f84c2c2715', '0', null, '保存', null, null, null, '0', '/platform/systems/save', '8a40c0353fa828a6013fa898d4ac0026', '0', '0', '0', '1', null, null, '系统');
INSERT INTO `sys_operator` VALUES ('7bd7ca42560140ee8573b2ade6388f3e', '0', null, '用户分组选择', null, null, null, '0', '/platform/userGroup/select', 'f7fbc8e3ee59405dabe02e18d562abf4', '0', '0', '0', '1', null, null, '用户分组');
INSERT INTO `sys_operator` VALUES ('7cc12b5c154a4a9782c518c57e8ab3aa', '0', null, '准备更新', null, null, null, '0', '/platform/role/edit', '8a40c0353fa828a6013fa898d4ac0024', '0', '0', '0', '1', null, null, '角色');
INSERT INTO `sys_operator` VALUES ('7eab5f800bab4efb8df1b2e8a0575f73', '0', null, '默认列表', null, null, null, '0', '/platform/systems', '8a40c0353fa828a6013fa898d4ac0026', '1', '0', '0', '1', null, null, '系统');
INSERT INTO `sys_operator` VALUES ('7ed5eefbbf3d4aa78d0c5b99f3b7010c', '0', null, '登陆验证', null, null, null, '0', '/platform/login/vali', '8a40c0353fa828a6013fa898d4ac0021', '0', '0', '0', '0', null, null, '登陆');
INSERT INTO `sys_operator` VALUES ('827a7067a28d442da3ddd834677127af', '0', null, '国际化编辑', null, null, null, '0', '/platform/menu/edit', '8a40c0353fa828a6013fa898d4ac0032', '0', '0', '0', '1', null, null, '菜单');
INSERT INTO `sys_operator` VALUES ('8329f58a0eed44e195dec78bddc591b5', '0', null, '上传', null, null, null, '0', '/platform/upload', '8d7a260e02674bd3873656deb716202e', '0', '0', '0', '1', null, null, '文件上传');
INSERT INTO `sys_operator` VALUES ('83ef85fd17804bb195d0ad3c07f88c30', '0', null, '准备更新', null, null, null, '0', '/platform/operator/edit', '8a40c0353fa828a6013fa898d4ac0027', '0', '0', '0', '1', null, null, '功能');
INSERT INTO `sys_operator` VALUES ('88298fbd650d49f492e268816feffd15', '0', null, '验证邮箱是否存在', null, null, null, '0', '/platform/login/valiMailBox', '8a40c0353fa828a6013fa898d4ac0021', '0', '0', '0', '1', null, null, '登陆');
INSERT INTO `sys_operator` VALUES ('886bd497064b4c9f87d8461ebba421d1', '0', null, '首页', null, null, null, '0', '/platform/index', '8a40c0353fa828a6013fa898d4ac0021', '0', '0', '0', '1', null, null, '登陆');
INSERT INTO `sys_operator` VALUES ('8897dbe85b3e4e6989d662495272cf26', '0', null, 'Iframe', null, null, null, '0', '/platform/dict/treeTableIframe.html', '8a40c0353fa828a6013fa898d4ac0022', '0', '0', '0', '1', null, null, '字典');
INSERT INTO `sys_operator` VALUES ('8b1c1c86385642f2b6c97930b44bbbcf', '0', null, '单选', null, null, null, '0', '/platform/param/radio.html', 'ffeeb72e053a4a86a4fe242642877a44', '0', '0', '0', '1', null, null, '参数管理');
INSERT INTO `sys_operator` VALUES ('8bd9c0e14df941cdaf6253cd08dbd9cd', '0', null, '准备更新', null, null, null, '0', '/platform/systems/edit', '8a40c0353fa828a6013fa898d4ac0026', '0', '0', '0', '1', null, null, '系统');
INSERT INTO `sys_operator` VALUES ('8ca8af501522439d8c9249e00db5d78d', '0', null, '查看', null, null, null, '0', '/platform/sysLog/view', '8a40c0353fa828a6013fa898d4ac0029', '0', '0', '0', '1', null, null, '日志');
INSERT INTO `sys_operator` VALUES ('8f79857b31d4475a94c712e997e89c99', '0', null, '更新', null, null, null, '0', '/platform/dict/update', '8a40c0353fa828a6013fa898d4ac0022', '0', '0', '0', '1', null, null, '字典');
INSERT INTO `sys_operator` VALUES ('90c3cee940ea4211a714f5111d24ff5d', '0', null, 'treeData', null, null, null, '0', '/platform/param/treeData', 'ffeeb72e053a4a86a4fe242642877a44', '0', '0', '0', '1', null, null, '参数管理');
INSERT INTO `sys_operator` VALUES ('910955c2192a418995eeab8bf15372e9', '0', null, '准备添加', null, null, null, '0', '/platform/operator/add.html', '8a40c0353fa828a6013fa898d4ac0027', '0', '0', '0', '1', null, null, '功能');
INSERT INTO `sys_operator` VALUES ('91baed789bc14efdbebb10b49c69ee5b', '0', null, '默认主页列表', null, null, null, '0', '/platform/user', '8a40c0353fa828a6013fa898d4ac0030', '1', '0', '0', '1', null, null, '用户');
INSERT INTO `sys_operator` VALUES ('9750ea3ee4474711b9acbda8d5b87ee7', '0', null, '删除', null, null, null, '0', '/platform/groupRole/delRole', '625e895224aa424693149208c9d4073e', '0', '0', '0', '1', null, null, '分组角色');
INSERT INTO `sys_operator` VALUES ('9765e6bb76eb40ab800cb8954822190e', '0', null, '删除', null, null, null, '0', '/wx/keyword/delete', '8f53706d4af541588bde334d99d44727', '0', '0', '0', '1', null, null, '自动回复');
INSERT INTO `sys_operator` VALUES ('9a708f39e123455e84b6125774bab1ea', '0', null, 'treeData', null, null, null, '0', '/platform/module/treeData', '8a40c0353fa828a6013fa898d4ac0033', '0', '0', '0', '1', null, null, '模块');
INSERT INTO `sys_operator` VALUES ('9adcc4c40e3148988e5003aaedbb4948', '0', null, 'treeTableIframe', null, null, null, '0', '/platform/param/treeTableIframe.html', 'ffeeb72e053a4a86a4fe242642877a44', '0', '0', '0', '1', null, null, '参数管理');
INSERT INTO `sys_operator` VALUES ('9c0ae757fc564f27860b975e5792ae6a', '0', null, 'log4jhtml', null, null, null, '0', '/platform/log4j/log4j.html', 'f85f516c0b86439087d48a45173ba0e7', '0', '0', '0', '1', null, null, 'Log4j');
INSERT INTO `sys_operator` VALUES ('9f75b47bdc0249e2b493c47384785a72', '0', null, '保存', null, null, null, '0', '/platform/menu/save', '8a40c0353fa828a6013fa898d4ac0032', '0', '0', '0', '1', null, null, '菜单');
INSERT INTO `sys_operator` VALUES ('a0c01a5248cd4bf38e57945dbb2b98c5', '0', null, '更新', null, null, null, '0', '/platform/group/update', '8a40c0353fa828a6013fa898d4ac0023', '0', '0', '0', '1', null, null, '分组');
INSERT INTO `sys_operator` VALUES ('a0d2897ee9194378819e78538189faa0', '0', null, '列表', null, null, null, '0', '/platform/stationOperator', '33a6f5664a194da8bc2394826cc25bc3', '1', '0', '0', '1', null, null, '岗位功能');
INSERT INTO `sys_operator` VALUES ('a1ff68acf9b24c34b347ff21e333cb70', '0', null, '设置菜单功能', null, null, null, '0', '/platform/menu/setOperator', '8a40c0353fa828a6013fa898d4ac0032', '0', '0', '0', '1', null, null, '菜单');
INSERT INTO `sys_operator` VALUES ('a2727f19f7cd4a038dd1a94f042a8cf1', '0', null, '博客保存', null, null, null, '0', '/test/blog/save', '7cbeac9418c946a2bda0c6aabf23c276', '0', '1', '0', '1', null, null, '博客');
INSERT INTO `sys_operator` VALUES ('a498a20dd4824b8fb103202360669de4', '0', null, '菜单功能设置', null, null, null, '0', '/platform/menu/set', '8a40c0353fa828a6013fa898d4ac0032', '0', '0', '0', '1', null, null, '菜单');
INSERT INTO `sys_operator` VALUES ('a5289b2638d845fbb06dedbcdd517f97', '0', null, '删除', null, null, null, '0', '/platform/group/delete', '8a40c0353fa828a6013fa898d4ac0023', '0', '0', '0', '1', null, null, '分组');
INSERT INTO `sys_operator` VALUES ('a6623c65480f4f2cb63a4d7673f81e3a', '0', null, 'treeData', null, null, null, '0', '/platform/menu/treeData', '8a40c0353fa828a6013fa898d4ac0032', '0', '0', '0', '1', null, null, '菜单');
INSERT INTO `sys_operator` VALUES ('aa126932641f4e068ed8278a332de85d', '0', null, '默认主页', null, null, null, '0', '/platform/index/content', '8a40c0353fa828a6013fa898d4ac0021', '0', '0', '0', '1', null, null, '登陆');
INSERT INTO `sys_operator` VALUES ('acbceb432b5849aca9e9b284240281ec', '0', null, '分组角色下拉选择', null, null, null, '0', '/platform/role/select', '8a40c0353fa828a6013fa898d4ac0024', '0', '0', '0', '1', null, null, '角色');
INSERT INTO `sys_operator` VALUES ('ad09a1b897744812875c752c2d70f11a', '0', null, '默认树', null, null, null, '0', '/platform/dept', '8a40c0353fa828a6013fa898d4ac0028', '0', '0', '0', '1', null, null, '部门');
INSERT INTO `sys_operator` VALUES ('ad51a6ca95c646ce9c03778eda715734', '0', null, '保存', null, null, null, '0', '/platform/operator/save', '8a40c0353fa828a6013fa898d4ac0027', '0', '0', '0', '1', null, null, '功能');
INSERT INTO `sys_operator` VALUES ('b13b002e2fad4e95bbe0e4dbc9fbdfe1', '0', null, '保存', null, null, null, '0', '/platform/module/save', '8a40c0353fa828a6013fa898d4ac0033', '0', '0', '0', '1', null, null, '模块');
INSERT INTO `sys_operator` VALUES ('b23b17d4c83242e8a1a8ee8cfcde9907', '0', null, '查看', null, null, null, '0', '/platform/operator/view', '8a40c0353fa828a6013fa898d4ac0027', '0', '0', '0', '1', null, null, '功能');
INSERT INTO `sys_operator` VALUES ('b4ee4ae4391f4243be69e838545d2131', '0', null, 'treeData', null, null, null, '0', '/platform/dept/treeData', '8a40c0353fa828a6013fa898d4ac0028', '0', '0', '0', '1', null, null, '部门');
INSERT INTO `sys_operator` VALUES ('b8218945b8e743f29651569950014511', '0', null, '单选', null, null, null, '0', '/platform/department/radio.html', '8a40c0353fa828a6013fa898d4ac0028', '0', '0', '0', '1', null, null, '部门');
INSERT INTO `sys_operator` VALUES ('b82d86fb7b64498a9c2b8b9a99b3fbeb', '0', null, '删除', null, null, null, '0', '/platform/menu/delete', '8a40c0353fa828a6013fa898d4ac0032', '0', '0', '0', '1', null, null, '菜单');
INSERT INTO `sys_operator` VALUES ('b8339f29d8d84a4ead6454295f87b79c', '0', null, '人员分组设置', null, null, null, '0', '/platform/group/select', '8a40c0353fa828a6013fa898d4ac0023', '0', '0', '0', '1', null, null, '分组');
INSERT INTO `sys_operator` VALUES ('bc2c865be6af42cf861294d446fb1c6f', '0', null, '单选', null, null, null, '0', '/platform/user/radio.html', '8a40c0353fa828a6013fa898d4ac0030', '0', '0', '0', '1', null, null, '用户');
INSERT INTO `sys_operator` VALUES ('c04adcd019e04cf3ba7c66af721a18dc', '0', null, '删除', null, null, null, '0', '/platform/user/delete', '8a40c0353fa828a6013fa898d4ac0030', '0', '0', '0', '1', null, null, '用户');
INSERT INTO `sys_operator` VALUES ('c05642442e0a468ebe4f0b7771a803ae', '0', null, '更新', null, null, null, '0', '/platform/systems/update', '8a40c0353fa828a6013fa898d4ac0026', '0', '0', '0', '1', null, null, '系统');
INSERT INTO `sys_operator` VALUES ('c081c50918f4459f8e36ab8cb4151a61', '0', null, '准备岗位功能设置', null, null, null, '0', '/platform/station/operatorTree.html', '8a40c0353fa828a6013fa898d4ac0025', '0', '0', '0', '1', null, null, '岗位');
INSERT INTO `sys_operator` VALUES ('c0ccfcd127c347a8b9db140e5aa62188', '0', null, '准备添加', null, null, null, '0', '/platform/role/add.html', '8a40c0353fa828a6013fa898d4ac0024', '0', '0', '0', '1', null, null, '角色');
INSERT INTO `sys_operator` VALUES ('c1e991d1f56749298c18ff69d7777e0b', '0', null, '删除', null, null, null, '0', '/platform/module/delete', '8a40c0353fa828a6013fa898d4ac0033', '0', '0', '0', '1', null, null, '模块');
INSERT INTO `sys_operator` VALUES ('c29ea4cbd9044bc786e9f4584ad840ff', '0', null, '获取岗位功能', null, null, null, '0', '/platform/station/getOperator', '8a40c0353fa828a6013fa898d4ac0025', '0', '0', '0', '1', null, null, '岗位');
INSERT INTO `sys_operator` VALUES ('c7132250f5054b808bb119122a6ecb52', '0', null, '设置岗位功能', null, null, null, '0', '/platform/station/setOperator', '8a40c0353fa828a6013fa898d4ac0025', '0', '0', '0', '1', null, null, '岗位');
INSERT INTO `sys_operator` VALUES ('c9d013d14cbd4f148fb4562c91803ee8', '0', null, '准备更新', null, null, null, '0', '/platform/group/edit', '8a40c0353fa828a6013fa898d4ac0023', '0', '0', '0', '1', null, null, '分组');
INSERT INTO `sys_operator` VALUES ('ca0f6da01ada419eaa7739d9790e5b88', '0', null, '准备角色功能设置', null, null, null, '0', '/platform/role/operatorTree.html', '8a40c0353fa828a6013fa898d4ac0024', '0', '0', '0', '1', null, null, '角色');
INSERT INTO `sys_operator` VALUES ('cc6bcbee40ab43b2bd5aff6d9385e1fc', '0', null, '删除', null, null, null, '0', '/platform/operator/delete', '8a40c0353fa828a6013fa898d4ac0027', '0', '0', '0', '1', null, null, '功能');
INSERT INTO `sys_operator` VALUES ('cc88acee3a664c58861a872c351385e6', '0', null, '选择', null, null, null, '0', '/platform/groupRole/select', '625e895224aa424693149208c9d4073e', '0', '0', '0', '1', null, null, '分组角色');
INSERT INTO `sys_operator` VALUES ('ccf9b69e151840a28be75d8443b70273', '0', null, '更新', null, null, null, '0', '/platform/param/update', 'ffeeb72e053a4a86a4fe242642877a44', '0', '0', '0', '1', null, null, '参数管理');
INSERT INTO `sys_operator` VALUES ('cf26c1d2baa24a8791b3d264154b80d4', '0', null, '默认树', null, null, null, '0', '/platform/menu', '8a40c0353fa828a6013fa898d4ac0032', '0', '0', '0', '1', null, null, '菜单');
INSERT INTO `sys_operator` VALUES ('d115d08591ef4c0eaebef15f8294b287', '0', null, '准备设置部门负责人', null, null, null, '0', '/platform/department/userTree.html', '8a40c0353fa828a6013fa898d4ac0028', '0', '0', '0', '1', null, null, '部门');
INSERT INTO `sys_operator` VALUES ('d247fb45be724ed2a2bb5c92d73bf6cf', '0', null, '设置用户的组', null, null, null, '0', '/platform/user/setGroup', '8a40c0353fa828a6013fa898d4ac0030', '0', '0', '0', '1', null, null, '用户');
INSERT INTO `sys_operator` VALUES ('d479dbdc901f4d85a207b9bace6465ac', '0', null, '更新', null, null, null, '0', '/platform/user/update', '8a40c0353fa828a6013fa898d4ac0030', '0', '0', '0', '1', null, null, '用户');
INSERT INTO `sys_operator` VALUES ('d496b161d2564111992687b948862244', '0', null, 'iframe', null, null, null, '0', '/platform/druid/iframe.html', '297e0cf944e9762e0144e97dfd6e00c9', '0', '0', '0', '1', null, null, '数据源');
INSERT INTO `sys_operator` VALUES ('d5c8bdf7a49a4e46b776c05dc9ead484', '0', null, 'treeData', null, null, null, '0', '/platform/dict/treeData', '8a40c0353fa828a6013fa898d4ac0022', '0', '0', '0', '1', null, null, '字典');
INSERT INTO `sys_operator` VALUES ('d646da8707ae41838fd2ec9bf0d467ee', '0', null, '设置角色功能', null, null, null, '0', '/platform/role/setOperator', '8a40c0353fa828a6013fa898d4ac0024', '0', '0', '0', '1', null, null, '角色');
INSERT INTO `sys_operator` VALUES ('da6077ec1f354a409d0385b2c063e044', '0', null, '添加功能', null, null, null, '0', '/platform/roleOperator/add', 'c4ab6b8d50434ddf8fa0ec106fcfc6ea', '0', '0', '0', '1', null, null, '角色功能');
INSERT INTO `sys_operator` VALUES ('dc750e57b54f4baca78d66969321ee51', '0', null, '更新', null, null, null, '0', '/platform/station/update', '8a40c0353fa828a6013fa898d4ac0025', '0', '0', '0', '1', null, null, '岗位');
INSERT INTO `sys_operator` VALUES ('df0aa534655242e4a0bcd638b51a4e03', '0', null, '更新', null, null, null, '0', '/platform/menu/update', '8a40c0353fa828a6013fa898d4ac0032', '0', '0', '0', '1', null, null, '菜单');
INSERT INTO `sys_operator` VALUES ('dfc7af0979a54e8e9a3f18b7a5d66030', '0', null, '查看', null, null, null, '0', '/wx/keyword/view', '8f53706d4af541588bde334d99d44727', '0', '0', '0', '1', null, null, '自动回复');
INSERT INTO `sys_operator` VALUES ('dfe9d74fe0ef4220bfcfe6d7bb2f9436', '0', null, '默认用户列表', null, null, null, '0', '/wx/user', 'c4e63c4171db4ae2a83f7dfcc2656b0e', '1', '0', '0', '1', null, null, '用户管理');
INSERT INTO `sys_operator` VALUES ('e037e0bae9a94e549d6b647db49a64a1', '0', null, '角色设置', null, null, null, '0', '/platform/group/setRole', '8a40c0353fa828a6013fa898d4ac0023', '0', '0', '0', '1', null, null, '分组');
INSERT INTO `sys_operator` VALUES ('e1ac811d2a16495d927f994dd006e824', '0', null, '删除', null, null, null, '0', '/platform/param/delete', 'ffeeb72e053a4a86a4fe242642877a44', '0', '0', '0', '1', null, null, '参数管理');
INSERT INTO `sys_operator` VALUES ('e2cead0f68ac4a2d98765264578a9f83', '0', null, '删除', null, null, null, '0', '/platform/userGroup/delGroup', 'f7fbc8e3ee59405dabe02e18d562abf4', '0', '0', '0', '1', null, null, '用户分组');
INSERT INTO `sys_operator` VALUES ('e4f182b4009e48a58673134324b2ec56', '0', null, '资源负载', null, null, null, '0', '/platform/resources', 'c9cbb508c11b4b10aeac87a4f3ebc340', '0', '0', '0', '1', null, null, '资源负载');
INSERT INTO `sys_operator` VALUES ('e754dfdb794d4e7db6023c9b089a340c', '0', null, '多选', null, null, null, '0', '/platform/user/checkbox.html', '8a40c0353fa828a6013fa898d4ac0030', '0', '0', '0', '1', null, null, '用户');
INSERT INTO `sys_operator` VALUES ('ee27f5c23b6d4217b3b66295a3506a40', '0', null, '删除功能', null, null, null, '0', '/platform/roleOperator/del', 'c4ab6b8d50434ddf8fa0ec106fcfc6ea', '0', '0', '0', '1', null, null, '角色功能');
INSERT INTO `sys_operator` VALUES ('f1f6f2c8f026498c8ee64b7a918d06df', '0', null, '准备更新', null, null, null, '0', '/platform/user/edit', '8a40c0353fa828a6013fa898d4ac0030', '0', '0', '0', '1', null, null, '用户');
INSERT INTO `sys_operator` VALUES ('f604f021cba44b6fb96115265e557521', '0', null, '添加', null, null, null, '0', '/platform/stationOperator/add', '33a6f5664a194da8bc2394826cc25bc3', '0', '0', '0', '1', null, null, '岗位功能');
INSERT INTO `sys_operator` VALUES ('f771691134c34174a819b5990310d000', '0', null, '首页', null, null, null, '0', '/platform/', '8a40c0353fa828a6013fa898d4ac0021', '0', '0', '0', '1', null, null, '登陆');
INSERT INTO `sys_operator` VALUES ('f771691134c34174a819b5990310da56', '0', null, '注销', null, null, null, '0', '/platform/login/logout', '8a40c0353fa828a6013fa898d4ac0021', '0', '0', '0', '1', null, null, '登陆');
INSERT INTO `sys_operator` VALUES ('f82c021dc443419fb2469032af73bf3e', '0', null, '删除', null, null, null, '0', '/platform/dept/delete', '8a40c0353fa828a6013fa898d4ac0028', '0', '0', '0', '1', null, null, '部门');
INSERT INTO `sys_operator` VALUES ('fb487ba403254ce8843b39a768422f04', '0', null, '保存', null, null, null, '0', '/platform/param/save', 'ffeeb72e053a4a86a4fe242642877a44', '0', '0', '0', '1', null, null, '参数管理');
INSERT INTO `sys_operator` VALUES ('fb6a0c1e618041bcbbf8cfd41311b1fa', '0', null, '准备登陆', null, null, null, '0', '/platform/login', '8a40c0353fa828a6013fa898d4ac0021', '0', '0', '0', '0', null, null, '登陆');
INSERT INTO `sys_operator` VALUES ('fd9978df5c5a47f298e2d28e21e70b15', '0', null, '删除', null, null, null, '0', '/platform/sysLog/delete', '8a40c0353fa828a6013fa898d4ac0029', '0', '0', '0', '1', null, null, '日志');
INSERT INTO `sys_operator` VALUES ('fdaeeb41691d460b8f142066d1f79927', '0', null, '博客删除', null, null, null, '0', '/test/blog/delete', '7cbeac9418c946a2bda0c6aabf23c276', '0', '0', '0', '1', null, null, '博客');
INSERT INTO `sys_operator` VALUES ('ff91363b32424fa399e44cc0dfd688e9', '0', null, '博客查看', null, null, null, '0', '/test/blog/view', '7cbeac9418c946a2bda0c6aabf23c276', '0', '0', '0', '1', null, null, '博客');

-- ----------------------------
-- Table structure for sys_role
-- ----------------------------
DROP TABLE IF EXISTS `sys_role`;
CREATE TABLE `sys_role` (
  `ids` varchar(32) COLLATE utf8_bin NOT NULL,
  `version` bigint(20) DEFAULT NULL,
  `numbers` varchar(50) COLLATE utf8_bin DEFAULT NULL,
  `names` varchar(50) COLLATE utf8_bin DEFAULT NULL,
  `description` varchar(2000) COLLATE utf8_bin DEFAULT NULL,
  PRIMARY KEY (`ids`)
) ENGINE=InnoDB DEFAULT CHARSET=utf8 COLLATE=utf8_bin;

-- ----------------------------
-- Records of sys_role
-- ----------------------------
INSERT INTO `sys_role` VALUES ('8a40c0353fa828a6013fa898d4ac0023', '2', 'SuperAdmin', '超级管理员', '超级管理员');
INSERT INTO `sys_role` VALUES ('8d09137cec3d41db960c9137b79f19b3', '4', '1', '测试角色', null);

-- ----------------------------
-- Table structure for sys_roleoperator
-- ----------------------------
DROP TABLE IF EXISTS `sys_roleoperator`;
CREATE TABLE `sys_roleoperator` (
  `ids` varchar(32) COLLATE utf8_bin NOT NULL COMMENT '??',
  `roleIds` varchar(32) COLLATE utf8_bin DEFAULT NULL COMMENT '??ids',
  `operatorIds` varchar(32) COLLATE utf8_bin DEFAULT NULL COMMENT '??ids',
  PRIMARY KEY (`ids`)
) ENGINE=InnoDB DEFAULT CHARSET=utf8 COLLATE=utf8_bin COMMENT='????';

-- ----------------------------
-- Records of sys_roleoperator
-- ----------------------------
INSERT INTO `sys_roleoperator` VALUES ('021a2c6466994f258c57659b45026593', '8a40c0353fa828a6013fa898d4ac0023', '3e4e9e72dab243d38a1785d157c24cb6');
INSERT INTO `sys_roleoperator` VALUES ('03f99ab1f9104620b619fec5eaed0480', '8a40c0353fa828a6013fa898d4ac0023', 'e037e0bae9a94e549d6b647db49a64a1');
INSERT INTO `sys_roleoperator` VALUES ('053476ee46c44552beac3c3ef14fa037', '8a40c0353fa828a6013fa898d4ac0023', '6daed51284f94923b1c8a6414e646959');
INSERT INTO `sys_roleoperator` VALUES ('064f21920eeb481c86ae50879cd09d34', '8a40c0353fa828a6013fa898d4ac0023', 'a0c01a5248cd4bf38e57945dbb2b98c5');
INSERT INTO `sys_roleoperator` VALUES ('07e6c367e68a437e87126b3345b7ff44', '8a40c0353fa828a6013fa898d4ac0023', 'a2727f19f7cd4a038dd1a94f042a8cf1');
INSERT INTO `sys_roleoperator` VALUES ('0814045ac9ec4230a0b391e425a59540', '8a40c0353fa828a6013fa898d4ac0023', '79039a2260da46b0aabb5a62e8db6c87');
INSERT INTO `sys_roleoperator` VALUES ('09c97f5c18ac4b40bfb2d514d69b22b7', '8a40c0353fa828a6013fa898d4ac0023', '7b4281dd247c4624bee0d8f84c2c2715');
INSERT INTO `sys_roleoperator` VALUES ('0a08705ce1dd44c8b64ffb4af78d57d4', '8a40c0353fa828a6013fa898d4ac0023', 'b4ee4ae4391f4243be69e838545d2131');
INSERT INTO `sys_roleoperator` VALUES ('0a1c22befe984c6cbbb49ca98c85ca08', '8a40c0353fa828a6013fa898d4ac0023', '483bdacba04f4663986e6339166e8321');
INSERT INTO `sys_roleoperator` VALUES ('0bdcecb579304334a80dd169197bc7f1', '8a40c0353fa828a6013fa898d4ac0023', '827a7067a28d442da3ddd834677127af');
INSERT INTO `sys_roleoperator` VALUES ('0cfbb583544d43c7aca70f991ad0f746', '8a40c0353fa828a6013fa898d4ac0023', '7eab5f800bab4efb8df1b2e8a0575f73');
INSERT INTO `sys_roleoperator` VALUES ('0d57b3a3c5264e1e997b18183074d535', '8a40c0353fa828a6013fa898d4ac0023', 'a6623c65480f4f2cb63a4d7673f81e3a');
INSERT INTO `sys_roleoperator` VALUES ('0d60d85214e94dea87f0a1fb44643783', '8d09137cec3d41db960c9137b79f19b3', 'c9d013d14cbd4f148fb4562c91803ee8');
INSERT INTO `sys_roleoperator` VALUES ('0dfd8909022e48caa30a3bb9f7e48f1e', '8a40c0353fa828a6013fa898d4ac0023', '12141c1c3be241ca8a868bce9cd610d5');
INSERT INTO `sys_roleoperator` VALUES ('0e5432e4c8834200a58fd13a118cd0ce', '8a40c0353fa828a6013fa898d4ac0023', '2c91467f905a4f5ba9f52830131c8ad9');
INSERT INTO `sys_roleoperator` VALUES ('0f58a58a34984332af791d1767b7ab0a', '8a40c0353fa828a6013fa898d4ac0023', '8ca8af501522439d8c9249e00db5d78d');
INSERT INTO `sys_roleoperator` VALUES ('0f9c37f0970d4f3981ddbef662f0f861', '8a40c0353fa828a6013fa898d4ac0023', '1b1a809815574b2a9c1d0e18d692de17');
INSERT INTO `sys_roleoperator` VALUES ('121ba805f7514e64bb415ffc9bf61180', '8a40c0353fa828a6013fa898d4ac0023', '5c2bdc059ae24ffda2758a2781bb46da');
INSERT INTO `sys_roleoperator` VALUES ('129675d8bb95482aaca4b3ef673a4c0a', '8a40c0353fa828a6013fa898d4ac0023', '77823e12391a47729a1f82a00bc15c5b');
INSERT INTO `sys_roleoperator` VALUES ('12a9ee5e7eca44c5ba6e79dedfbc4049', '8a40c0353fa828a6013fa898d4ac0023', '2c2063e17dc742a3b9c330b84c5dfa6a');
INSERT INTO `sys_roleoperator` VALUES ('1322a73d36824bf9bcde729eba789e84', '8a40c0353fa828a6013fa898d4ac0023', '7ae62737df444d619f8fd376360d160c');
INSERT INTO `sys_roleoperator` VALUES ('139064e3c70c4e00babba49593146b1a', '8a40c0353fa828a6013fa898d4ac0023', '1b0d7476974e4bf9b52f75fb82f87330');
INSERT INTO `sys_roleoperator` VALUES ('1491b0d0f9fb406e92f1a990fb8268fe', '8a40c0353fa828a6013fa898d4ac0023', 'dfe9d74fe0ef4220bfcfe6d7bb2f9436');
INSERT INTO `sys_roleoperator` VALUES ('16e9ecd28cc842048a16f8304f3fd571', '8a40c0353fa828a6013fa898d4ac0023', '18f50e0f48ef4dd9bec85f5612ab10c0');
INSERT INTO `sys_roleoperator` VALUES ('1a0b60e808e145989a031277b83efae6', '8a40c0353fa828a6013fa898d4ac0023', '8329f58a0eed44e195dec78bddc591b5');
INSERT INTO `sys_roleoperator` VALUES ('1c26cfb2d7d94ad38ce0c553644f9ddd', '8a40c0353fa828a6013fa898d4ac0023', '091855dd809b418fae88a7fec6d9f246');
INSERT INTO `sys_roleoperator` VALUES ('1cd441db6daf407492d9b32a597232b1', '8a40c0353fa828a6013fa898d4ac0023', '08a96d5dd37f49459eeb02eebeb0a78c');
INSERT INTO `sys_roleoperator` VALUES ('1d18394cb6ed4f71b60c2eb3f8b511d9', '8a40c0353fa828a6013fa898d4ac0023', '8897dbe85b3e4e6989d662495272cf26');
INSERT INTO `sys_roleoperator` VALUES ('1f5bd29eabd84310b935ac26e4865aa8', '8a40c0353fa828a6013fa898d4ac0023', '1f05b6496a494f488e4cacd2a449c37a');
INSERT INTO `sys_roleoperator` VALUES ('20d039c9d09d427e802607a4d026300b', '8a40c0353fa828a6013fa898d4ac0023', '3da96263a14343eaa7b409a93ec9e1db');
INSERT INTO `sys_roleoperator` VALUES ('22eb103099d2495f98d1bc4dc449933a', '8a40c0353fa828a6013fa898d4ac0023', 'f604f021cba44b6fb96115265e557521');
INSERT INTO `sys_roleoperator` VALUES ('2336da1b46bb47629cd265869b3f7308', '8a40c0353fa828a6013fa898d4ac0023', '0da15c49299d41a4b720f787d053e3cb');
INSERT INTO `sys_roleoperator` VALUES ('260a75c9b59644eeb72a3fd8966cf5c9', '8a40c0353fa828a6013fa898d4ac0023', 'cc88acee3a664c58861a872c351385e6');
INSERT INTO `sys_roleoperator` VALUES ('26d880cfc63f48b5ad42fc170d69693e', '8a40c0353fa828a6013fa898d4ac0023', 'b8218945b8e743f29651569950014511');
INSERT INTO `sys_roleoperator` VALUES ('27274973f3e54783ae986912b84d91bc', '8a40c0353fa828a6013fa898d4ac0023', '6569e0d9f2cd4e3a97af4e1b0cd8d2f7');
INSERT INTO `sys_roleoperator` VALUES ('2897ed0986344de0a790c1c315381a43', '8a40c0353fa828a6013fa898d4ac0023', '4a6544ae7a2548ad81c0e3994999023c');
INSERT INTO `sys_roleoperator` VALUES ('2a0b60e808e145989a031277b83efae7', '8a40c0353fa828a6013fa898d4ac0023', '1329f58a0eed44e195dec78bddc591b6');
INSERT INTO `sys_roleoperator` VALUES ('2a0b60e808e145989a031277b83efae8', '8a40c0353fa828a6013fa898d4ac0023', '2329f58a0eed44e195dec78bddc591b7');
INSERT INTO `sys_roleoperator` VALUES ('2a0b60e808e145989a031277b83efae9', '8a40c0353fa828a6013fa898d4ac0023', '3329f58a0eed44e195dec78bddc591b8');
INSERT INTO `sys_roleoperator` VALUES ('2b0fc857882b4fd0a068d8ddaf514eab', '8a40c0353fa828a6013fa898d4ac0023', '053d330462e1459ca1012c9d29113bc4');
INSERT INTO `sys_roleoperator` VALUES ('2bc4654b3cc74eccad6ff320ede62385', '8a40c0353fa828a6013fa898d4ac0023', 'cc6bcbee40ab43b2bd5aff6d9385e1fc');
INSERT INTO `sys_roleoperator` VALUES ('2c2d096b627e4d3681f494e4ef38e6f0', '8a40c0353fa828a6013fa898d4ac0023', 'b13b002e2fad4e95bbe0e4dbc9fbdfe1');
INSERT INTO `sys_roleoperator` VALUES ('2c4b1fd860a4423a8590460f0b438ce0', '8a40c0353fa828a6013fa898d4ac0023', '9adcc4c40e3148988e5003aaedbb4948');
INSERT INTO `sys_roleoperator` VALUES ('2cbe2ac6fb8949e7be60da86395c5c88', '8a40c0353fa828a6013fa898d4ac0023', 'd5c8bdf7a49a4e46b776c05dc9ead484');
INSERT INTO `sys_roleoperator` VALUES ('2de68311b35646369d98104cf096be4a', '8d09137cec3d41db960c9137b79f19b3', 'a0c01a5248cd4bf38e57945dbb2b98c5');
INSERT INTO `sys_roleoperator` VALUES ('2e1c21e46cd24d828de30f883f131f26', '8a40c0353fa828a6013fa898d4ac0023', 'fdaeeb41691d460b8f142066d1f79927');
INSERT INTO `sys_roleoperator` VALUES ('308307140623475bbbd3812288c68a4b', '8a40c0353fa828a6013fa898d4ac0023', '01aa0c85c8b84ae8aca7f5484336b203');
INSERT INTO `sys_roleoperator` VALUES ('32042be89a574cefaa2697f2d7fee41a', '8a40c0353fa828a6013fa898d4ac0023', '9750ea3ee4474711b9acbda8d5b87ee7');
INSERT INTO `sys_roleoperator` VALUES ('3601e3cd19e842f4bbf2d438857a7c68', '8a40c0353fa828a6013fa898d4ac0023', '29c18b3394924c30882da049da14ad99');
INSERT INTO `sys_roleoperator` VALUES ('382c564f5d6e4d11b17b2b729c8d30d0', '8a40c0353fa828a6013fa898d4ac0023', '3ee5f986289d4a1990f4e42c9a0caadb');
INSERT INTO `sys_roleoperator` VALUES ('38829184b84a44eeb82e00a8db46d3a2', '8a40c0353fa828a6013fa898d4ac0023', '4df80521e66447618796c3cfe02bf239');
INSERT INTO `sys_roleoperator` VALUES ('3bd650048f764fbf93a427c31a27274c', '8a40c0353fa828a6013fa898d4ac0023', '8bd9c0e14df941cdaf6253cd08dbd9cd');
INSERT INTO `sys_roleoperator` VALUES ('3c6b00c1db03430cb7e78880e4f283ec', '8a40c0353fa828a6013fa898d4ac0023', 'ad09a1b897744812875c752c2d70f11a');
INSERT INTO `sys_roleoperator` VALUES ('3d6a531acb2a4b199be1bd541f85caf4', '8a40c0353fa828a6013fa898d4ac0023', '5b47ae382f42421682852f889c176d49');
INSERT INTO `sys_roleoperator` VALUES ('3f60245dacb14844a6968a2884edaf07', '8a40c0353fa828a6013fa898d4ac0023', 'e2cead0f68ac4a2d98765264578a9f83');
INSERT INTO `sys_roleoperator` VALUES ('40707f58daee4d81b19b214c52eeb6a7', '8a40c0353fa828a6013fa898d4ac0023', 'c29ea4cbd9044bc786e9f4584ad840ff');
INSERT INTO `sys_roleoperator` VALUES ('41a43064ffa240ee9e9c84dff0d9e371', '8a40c0353fa828a6013fa898d4ac0023', 'e1ac811d2a16495d927f994dd006e824');
INSERT INTO `sys_roleoperator` VALUES ('41ed858aaaae4fc2bc1f197fe295af52', '8a40c0353fa828a6013fa898d4ac0023', 'e4f182b4009e48a58673134324b2ec56');
INSERT INTO `sys_roleoperator` VALUES ('42fbd1334a0849f6a06db739c11280f1', '8a40c0353fa828a6013fa898d4ac0023', 'f771691134c34174a819b5990310d000');
INSERT INTO `sys_roleoperator` VALUES ('43666165e4dd4cf3901e690613e47a66', '8a40c0353fa828a6013fa898d4ac0023', '46b7269a26044dfebb4edd06a2f9cd83');
INSERT INTO `sys_roleoperator` VALUES ('461c341a4da84a828fd720559c8116a4', '8a40c0353fa828a6013fa898d4ac0023', '09b6ce29313c4051ba765de516a9b283');
INSERT INTO `sys_roleoperator` VALUES ('46b9e0e47ad347dcb53e123c466db2a4', '8a40c0353fa828a6013fa898d4ac0023', 'b82d86fb7b64498a9c2b8b9a99b3fbeb');
INSERT INTO `sys_roleoperator` VALUES ('46f79be38d3340a0a752ef2f53ae661a', '8a40c0353fa828a6013fa898d4ac0023', '91baed789bc14efdbebb10b49c69ee5b');
INSERT INTO `sys_roleoperator` VALUES ('476fd5e99b214541aefd5c81982f624d', '8a40c0353fa828a6013fa898d4ac0023', 'a498a20dd4824b8fb103202360669de4');
INSERT INTO `sys_roleoperator` VALUES ('48db3f1015414972b274fcee382b5283', '8a40c0353fa828a6013fa898d4ac0023', '7ed5eefbbf3d4aa78d0c5b99f3b7010c');
INSERT INTO `sys_roleoperator` VALUES ('4ce7264311a3437db22445df4b643066', '8a40c0353fa828a6013fa898d4ac0023', '30bf01ffe1cb4ed39e92c6600ea39e93');
INSERT INTO `sys_roleoperator` VALUES ('4ddf4f2e1b9b495ebadeaef3029fd410', '8a40c0353fa828a6013fa898d4ac0023', '235d855d7b914d728e434f0f309aa04d');
INSERT INTO `sys_roleoperator` VALUES ('4eae708ad5974a57b0accc638eadac99', '8a40c0353fa828a6013fa898d4ac0023', 'fb6a0c1e618041bcbbf8cfd41311b1fa');
INSERT INTO `sys_roleoperator` VALUES ('521239b354cb482ba643238799d17e43', '8a40c0353fa828a6013fa898d4ac0023', '481d4d5c0a634c4085c72c990260e58d');
INSERT INTO `sys_roleoperator` VALUES ('535104b0d1d841eda391e58f2427fccc', '8a40c0353fa828a6013fa898d4ac0023', '4bebccaa8f0c4bfbaa2ff89f00706100');
INSERT INTO `sys_roleoperator` VALUES ('5459dad86a584a598ad51c10fcee1f7c', '8a40c0353fa828a6013fa898d4ac0023', '671ce1e6167840baaa6d27f4f04574c9');
INSERT INTO `sys_roleoperator` VALUES ('574921333dd64e4b8e4956436a698ec5', '8a40c0353fa828a6013fa898d4ac0023', '3085a3b0c20d4f3aaa7c2d27fe986aba');
INSERT INTO `sys_roleoperator` VALUES ('598267639b534e7ca95a8248b7e1250a', '8a40c0353fa828a6013fa898d4ac0023', 'c7132250f5054b808bb119122a6ecb52');
INSERT INTO `sys_roleoperator` VALUES ('5d0a48f1e78844cb9ed82c71b720f961', '8a40c0353fa828a6013fa898d4ac0023', 'aa126932641f4e068ed8278a332de85d');
INSERT INTO `sys_roleoperator` VALUES ('5fcb0597c6494021b0cb167161227d75', '8a40c0353fa828a6013fa898d4ac0023', '4376888fd74f4247a926529e5da03442');
INSERT INTO `sys_roleoperator` VALUES ('5fedca6ac6e84854b73e547620a9eacf', '8d09137cec3d41db960c9137b79f19b3', '3ee5f986289d4a1990f4e42c9a0caadb');
INSERT INTO `sys_roleoperator` VALUES ('612117075c2d47c09df60c7ec316a466', '8a40c0353fa828a6013fa898d4ac0023', '437e05d09dd94720b67c4f230cdebe58');
INSERT INTO `sys_roleoperator` VALUES ('623d81207a5142638a8ba821dff1dbc3', '8a40c0353fa828a6013fa898d4ac0023', 'da6077ec1f354a409d0385b2c063e044');
INSERT INTO `sys_roleoperator` VALUES ('65bfac49893b406db04811795ff89f50', '8a40c0353fa828a6013fa898d4ac0023', 'a5289b2638d845fbb06dedbcdd517f97');
INSERT INTO `sys_roleoperator` VALUES ('65ee6094c4254096ab682c2699045fbe', '8a40c0353fa828a6013fa898d4ac0023', '37218fb52ec94fb4bf76209a17916094');
INSERT INTO `sys_roleoperator` VALUES ('6678e6fe003f43cc974fe6843da8688f', '8a40c0353fa828a6013fa898d4ac0023', '21b0a910ef6e4c60a325d5e57e6e6f65');
INSERT INTO `sys_roleoperator` VALUES ('6779f7b61b354ff88f4b72d6bab43c60', '8a40c0353fa828a6013fa898d4ac0023', '22926eb196a14b48be775f4880b5ba94');
INSERT INTO `sys_roleoperator` VALUES ('6aff9f7ef6344466a81de2c7eae4526a', '8a40c0353fa828a6013fa898d4ac0023', '9765e6bb76eb40ab800cb8954822190e');
INSERT INTO `sys_roleoperator` VALUES ('6b79fc49b2ed47e788c17fe41f217881', '8a40c0353fa828a6013fa898d4ac0023', 'ccf9b69e151840a28be75d8443b70273');
INSERT INTO `sys_roleoperator` VALUES ('6beeb6d1ee5544d49d03bfec34ceb56a', '8a40c0353fa828a6013fa898d4ac0023', 'f82c021dc443419fb2469032af73bf3e');
INSERT INTO `sys_roleoperator` VALUES ('6bf45b956cae4a1abed8865aa135fb6f', '8a40c0353fa828a6013fa898d4ac0023', '15566e63f3104c73b4a0b4a784dd11ca');
INSERT INTO `sys_roleoperator` VALUES ('6e3f829795a843b3b6f1044d7d19fbdb', '8a40c0353fa828a6013fa898d4ac0023', '233356b63d8e477fb6e948b703232809');
INSERT INTO `sys_roleoperator` VALUES ('71b8572ae55c41c4ba79151001166116', '8a40c0353fa828a6013fa898d4ac0023', '5b249ad344d948b99f58768c323f5f71');
INSERT INTO `sys_roleoperator` VALUES ('71d7a275c84044e9b5cc1562f4bf3396', '8a40c0353fa828a6013fa898d4ac0023', '6324ff9e83654aa0bf7f9d918b636b55');
INSERT INTO `sys_roleoperator` VALUES ('71eebd3168454ea0951e7182cf00e3c9', '8a40c0353fa828a6013fa898d4ac0023', '90c3cee940ea4211a714f5111d24ff5d');
INSERT INTO `sys_roleoperator` VALUES ('7396df5d012b412e9651805a4458a982', '8a40c0353fa828a6013fa898d4ac0023', '0773a58c4bdb4858ab062c4a2a4da69a');
INSERT INTO `sys_roleoperator` VALUES ('7611c160125a4b92ba67a6e924597ddb', '8a40c0353fa828a6013fa898d4ac0023', '1046389d8525451697f2793185e7d6ee');
INSERT INTO `sys_roleoperator` VALUES ('76e452d549b341b88fd8d5d51844d4f1', '8a40c0353fa828a6013fa898d4ac0023', '5fcac107c80d493d91b53a815d4b297a');
INSERT INTO `sys_roleoperator` VALUES ('7a42d1b5ab884d7098f913c16bcc7b48', '8a40c0353fa828a6013fa898d4ac0023', 'c081c50918f4459f8e36ab8cb4151a61');
INSERT INTO `sys_roleoperator` VALUES ('7b5c188e225d4fb9982e8973c1a49e90', '8a40c0353fa828a6013fa898d4ac0023', '39d82b5574b540b88d3723b36eb3e577');
INSERT INTO `sys_roleoperator` VALUES ('7e3f2af3206846fd8e35be1520e474e8', '8a40c0353fa828a6013fa898d4ac0023', '09dbbe046d6e469d8a5ba12e29abc522');
INSERT INTO `sys_roleoperator` VALUES ('7fd3982f773b4a8987ab69cfd101af11', '8a40c0353fa828a6013fa898d4ac0023', '6b527ed138c343a89ddf73cf16fef565');
INSERT INTO `sys_roleoperator` VALUES ('80e4558c8742424bbead2ec06521f549', '8d09137cec3d41db960c9137b79f19b3', '1b0d7476974e4bf9b52f75fb82f87330');
INSERT INTO `sys_roleoperator` VALUES ('814f34aa1cde4a6a9c37e5966ed4ed5b', '8a40c0353fa828a6013fa898d4ac0023', '58a85040aa9f40cca0bdba6e23e30363');
INSERT INTO `sys_roleoperator` VALUES ('81b4dfa9ce5a4bc09e77e361b3bd5e6d', '8a40c0353fa828a6013fa898d4ac0023', '335d1f8f46eb47a18001889f8cc21348');
INSERT INTO `sys_roleoperator` VALUES ('82b6a5c1589b4a75b472a858462f9a5c', '8a40c0353fa828a6013fa898d4ac0023', '5148ea207b974ee197f0bc57060ab1ad');
INSERT INTO `sys_roleoperator` VALUES ('848474d1de20428ca6749f49b3e260da', '8a40c0353fa828a6013fa898d4ac0023', 'd496b161d2564111992687b948862244');
INSERT INTO `sys_roleoperator` VALUES ('85da45980b4247f0abc6e09ffafd7f8f', '8a40c0353fa828a6013fa898d4ac0023', '2fee901117c64e18873f60e8f800713d');
INSERT INTO `sys_roleoperator` VALUES ('8718e76a4ed14c609501acf0efe44c61', '8a40c0353fa828a6013fa898d4ac0023', '2be34991827e4e8da8e92f9b9e8bce25');
INSERT INTO `sys_roleoperator` VALUES ('87e0d85628b24118b9506babc049e6e7', '8a40c0353fa828a6013fa898d4ac0023', '88298fbd650d49f492e268816feffd15');
INSERT INTO `sys_roleoperator` VALUES ('8a2093de784043ff9ae975c5f4f7c6fd', '8d09137cec3d41db960c9137b79f19b3', 'e037e0bae9a94e549d6b647db49a64a1');
INSERT INTO `sys_roleoperator` VALUES ('8be5e404ae3149eb87eb0d3e32c178be', '8a40c0353fa828a6013fa898d4ac0023', 'c9d013d14cbd4f148fb4562c91803ee8');
INSERT INTO `sys_roleoperator` VALUES ('8d6b0c75af9340afaf812bdc9b737df7', '8a40c0353fa828a6013fa898d4ac0023', 'b8339f29d8d84a4ead6454295f87b79c');
INSERT INTO `sys_roleoperator` VALUES ('905956517a0f48a59c7481507c3dc2c4', '8a40c0353fa828a6013fa898d4ac0023', '4e03be6af2c74dae99a131a1ab3569f6');
INSERT INTO `sys_roleoperator` VALUES ('93192c14c94c4aab86520e29bc8cf3a8', '8a40c0353fa828a6013fa898d4ac0023', '351851fb7fce48f9a0ff6747971715ac');
INSERT INTO `sys_roleoperator` VALUES ('942227d7d02342d9a3d4d0cedc272a88', '8a40c0353fa828a6013fa898d4ac0023', '886bd497064b4c9f87d8461ebba421d1');
INSERT INTO `sys_roleoperator` VALUES ('98ea132c9f3c41f7a14e75a54b25cb4b', '8a40c0353fa828a6013fa898d4ac0023', 'cf26c1d2baa24a8791b3d264154b80d4');
INSERT INTO `sys_roleoperator` VALUES ('9bb5bde523264234b36f6a6f1790b097', '8a40c0353fa828a6013fa898d4ac0023', 'fb487ba403254ce8843b39a768422f04');
INSERT INTO `sys_roleoperator` VALUES ('9f84e5533e804e709c2f63eb2e958729', '8a40c0353fa828a6013fa898d4ac0023', 'a1ff68acf9b24c34b347ff21e333cb70');
INSERT INTO `sys_roleoperator` VALUES ('a11a562993784cabb5ae5d9ce3bda6cd', '8a40c0353fa828a6013fa898d4ac0023', '2bd0e8f116f9420692a81d1723cecf5c');
INSERT INTO `sys_roleoperator` VALUES ('a303d192041f40468970a75118d2b3e6', '8a40c0353fa828a6013fa898d4ac0023', 'a0d2897ee9194378819e78538189faa0');
INSERT INTO `sys_roleoperator` VALUES ('a3a679f9187d4bd8819c77e67dfae367', '8a40c0353fa828a6013fa898d4ac0023', '4959d88b8ca64eb19310c30799faa07c');
INSERT INTO `sys_roleoperator` VALUES ('a77dc935e8c0491e9c272bcfd67fa7c1', '8a40c0353fa828a6013fa898d4ac0023', '2fbbc9cfb0bf4b5bb504ead155c3423c');
INSERT INTO `sys_roleoperator` VALUES ('a851dde123ab4697b74225e8725f4633', '8a40c0353fa828a6013fa898d4ac0023', 'ad51a6ca95c646ce9c03778eda715734');
INSERT INTO `sys_roleoperator` VALUES ('aac86fced62648548a4a7d8463c010e0', '8d09137cec3d41db960c9137b79f19b3', '9750ea3ee4474711b9acbda8d5b87ee7');
INSERT INTO `sys_roleoperator` VALUES ('ac26282436074fad81655fd5d639454f', '8a40c0353fa828a6013fa898d4ac0023', 'd646da8707ae41838fd2ec9bf0d467ee');
INSERT INTO `sys_roleoperator` VALUES ('ac2b6a038db74fe39664222aae93d1ff', '8a40c0353fa828a6013fa898d4ac0023', '32a3e59964204a3c8848e84b864306ae');
INSERT INTO `sys_roleoperator` VALUES ('ac4a6c8005de4afca3aa04f82b0f64d1', '8a40c0353fa828a6013fa898d4ac0023', 'ee27f5c23b6d4217b3b66295a3506a40');
INSERT INTO `sys_roleoperator` VALUES ('ac74144a8d7d4d5790073c0387d7a20c', '8a40c0353fa828a6013fa898d4ac0023', 'c04adcd019e04cf3ba7c66af721a18dc');
INSERT INTO `sys_roleoperator` VALUES ('aedaaa19e1da475d8f9a71c4217a80b9', '8a40c0353fa828a6013fa898d4ac0023', '235d855d7b914d728e434f0f309ab041');
INSERT INTO `sys_roleoperator` VALUES ('aee1eb6feb4943798513c1770a41e9ae', '8a40c0353fa828a6013fa898d4ac0023', 'acbceb432b5849aca9e9b284240281ec');
INSERT INTO `sys_roleoperator` VALUES ('b0bfdc9cfedf407cabd2964630c4262e', '8a40c0353fa828a6013fa898d4ac0023', 'f771691134c34174a819b5990310da56');
INSERT INTO `sys_roleoperator` VALUES ('b1eb78ff76de482bb88e0fb8acca7d5a', '8a40c0353fa828a6013fa898d4ac0023', '78c6026c6af44b41a6bef4cdb4cfb414');
INSERT INTO `sys_roleoperator` VALUES ('b5bb8efe0adc4a62a606d768c61e10e8', '8a40c0353fa828a6013fa898d4ac0023', '6566adb7fc6347e7b01a3c47129b5eb5');
INSERT INTO `sys_roleoperator` VALUES ('b8481bf5a29e41d8994b11542bae9a46', '8a40c0353fa828a6013fa898d4ac0023', '721f7255449c445faf36607c254eea06');
INSERT INTO `sys_roleoperator` VALUES ('b91ff9778e70437da2c875f433fb9cf7', '8a40c0353fa828a6013fa898d4ac0023', 'f1f6f2c8f026498c8ee64b7a918d06df');
INSERT INTO `sys_roleoperator` VALUES ('b9370c02cc8248f2aa415e0f5c2b083c', '8a40c0353fa828a6013fa898d4ac0023', 'bc2c865be6af42cf861294d446fb1c6f');
INSERT INTO `sys_roleoperator` VALUES ('bafd8455940a46d9af5b42fa6d01aeba', '8a40c0353fa828a6013fa898d4ac0023', '1d2b6919b80a4a21821adc3efcda77b2');
INSERT INTO `sys_roleoperator` VALUES ('bee5de9aa4714491b9cda9b3430aefd0', '8a40c0353fa828a6013fa898d4ac0023', '5d6f2bb8faa948108081492179d0c0ad');
INSERT INTO `sys_roleoperator` VALUES ('c0a5951482284b10ba6d7c7e0c5131fc', '8a40c0353fa828a6013fa898d4ac0023', '8b1c1c86385642f2b6c97930b44bbbcf');
INSERT INTO `sys_roleoperator` VALUES ('c433c6229611482f812595ed46c8c87b', '8a40c0353fa828a6013fa898d4ac0023', 'd479dbdc901f4d85a207b9bace6465ac');
INSERT INTO `sys_roleoperator` VALUES ('c7aa885b7faf4429a7296d46e01125b3', '8d09137cec3d41db960c9137b79f19b3', 'b8339f29d8d84a4ead6454295f87b79c');
INSERT INTO `sys_roleoperator` VALUES ('c8193e0665dc466f81c1785cf9a06eb5', '8a40c0353fa828a6013fa898d4ac0023', 'e754dfdb794d4e7db6023c9b089a340c');
INSERT INTO `sys_roleoperator` VALUES ('c9f24b55cf28484db39e137ea4fa35df', '8a40c0353fa828a6013fa898d4ac0023', 'df0aa534655242e4a0bcd638b51a4e03');
INSERT INTO `sys_roleoperator` VALUES ('cb88488a98ad4f17b2b0c23f3d386344', '8a40c0353fa828a6013fa898d4ac0023', 'c05642442e0a468ebe4f0b7771a803ae');
INSERT INTO `sys_roleoperator` VALUES ('cbd5349f6175452fba4aae0b628e9cce', '8a40c0353fa828a6013fa898d4ac0023', '61da3d9c60704621aa60d1da4553a264');
INSERT INTO `sys_roleoperator` VALUES ('cede53073ad749bc9bb4621249c92852', '8a40c0353fa828a6013fa898d4ac0023', '8f79857b31d4475a94c712e997e89c99');
INSERT INTO `sys_roleoperator` VALUES ('d233b60121504d9ca79138c0778fdd8a', '8a40c0353fa828a6013fa898d4ac0023', '9a708f39e123455e84b6125774bab1ea');
INSERT INTO `sys_roleoperator` VALUES ('d32280e50ef74270803dfaac49b7b5b2', '8a40c0353fa828a6013fa898d4ac0023', 'dfc7af0979a54e8e9a3f18b7a5d66030');
INSERT INTO `sys_roleoperator` VALUES ('d4c6a7deed2847e8bad34b69a559a53e', '8a40c0353fa828a6013fa898d4ac0023', '0478826a46df4f20b12f4043a97f8209');
INSERT INTO `sys_roleoperator` VALUES ('d4f1296a506e48c39291e2b55a5deb33', '8a40c0353fa828a6013fa898d4ac0023', '2e32e08e495b4ccea6148774e9f91182');
INSERT INTO `sys_roleoperator` VALUES ('db0dcaa30f7948c59d857da13eb368ef', '8a40c0353fa828a6013fa898d4ac0023', '1a8b4d8e4411412fa8bb561393563a85');
INSERT INTO `sys_roleoperator` VALUES ('dc7210d217c54f09ac800e47b2cabf69', '8a40c0353fa828a6013fa898d4ac0023', 'ff91363b32424fa399e44cc0dfd688e9');
INSERT INTO `sys_roleoperator` VALUES ('dcaaf233f3344fa183ea6fcf4838107f', '8a40c0353fa828a6013fa898d4ac0023', 'c0ccfcd127c347a8b9db140e5aa62188');
INSERT INTO `sys_roleoperator` VALUES ('dd46b92bb26f4bc1b474c157d60245f8', '8a40c0353fa828a6013fa898d4ac0023', '362cf247241c4d12b6242301e4a73516');
INSERT INTO `sys_roleoperator` VALUES ('df4ce9dce40941e6b97ac7ef6caa0878', '8a40c0353fa828a6013fa898d4ac0023', 'dc750e57b54f4baca78d66969321ee51');
INSERT INTO `sys_roleoperator` VALUES ('df5eca83889a4057b2a1581bcfc84c52', '8a40c0353fa828a6013fa898d4ac0023', '48db51f20b504c4ab489b1dcfd3ecbd9');
INSERT INTO `sys_roleoperator` VALUES ('e00da5f72a8545e58f41723e4aaf9815', '8a40c0353fa828a6013fa898d4ac0023', '10499bc7f9cb4adf99beba00343b4ea6');
INSERT INTO `sys_roleoperator` VALUES ('e060f34c9f1744d1aeb1e01a920158ba', '8a40c0353fa828a6013fa898d4ac0023', '21141da4febe4c929abe37126b37fd12');
INSERT INTO `sys_roleoperator` VALUES ('e0613568a4df4bfb8e6a6b4a691775e8', '8a40c0353fa828a6013fa898d4ac0023', '420d8ebc68ad44dc8188d4c27dc585d1');
INSERT INTO `sys_roleoperator` VALUES ('e32d74ddaae549cc830a6f030a4508c6', '8a40c0353fa828a6013fa898d4ac0023', '46e00ef0fd234e9dbf68ed9bbb437d0f');
INSERT INTO `sys_roleoperator` VALUES ('e3e0093504904769a12d7814a90ecc5e', '8a40c0353fa828a6013fa898d4ac0023', '9f75b47bdc0249e2b493c47384785a72');
INSERT INTO `sys_roleoperator` VALUES ('e50e023a31e34903816644e3246f740b', '8a40c0353fa828a6013fa898d4ac0023', '9c0ae757fc564f27860b975e5792ae6a');
INSERT INTO `sys_roleoperator` VALUES ('e54f1e31da9a4f728f66fdfd94d0bb5b', '8a40c0353fa828a6013fa898d4ac0023', 'b23b17d4c83242e8a1a8ee8cfcde9907');
INSERT INTO `sys_roleoperator` VALUES ('e597c74ee6d44858b3c99b157b3e92e8', '8a40c0353fa828a6013fa898d4ac0023', 'd247fb45be724ed2a2bb5c92d73bf6cf');
INSERT INTO `sys_roleoperator` VALUES ('e62ace3aeff74b18a215dc41dfece9e0', '8a40c0353fa828a6013fa898d4ac0023', 'd115d08591ef4c0eaebef15f8294b287');
INSERT INTO `sys_roleoperator` VALUES ('e6685532fd524e7380a560b4ecdb00da', '8a40c0353fa828a6013fa898d4ac0023', '7cc12b5c154a4a9782c518c57e8ab3aa');
INSERT INTO `sys_roleoperator` VALUES ('e81aad2c22d746d9902630ff3c521fcf', '8a40c0353fa828a6013fa898d4ac0023', 'c1e991d1f56749298c18ff69d7777e0b');
INSERT INTO `sys_roleoperator` VALUES ('e87c7e1f682e421bad56c9f97f5c3d2e', '8a40c0353fa828a6013fa898d4ac0023', '423e8c2e2a644bbda0803f46ea8f31e2');
INSERT INTO `sys_roleoperator` VALUES ('e9f51cc82e6641cc9a4889a696f2977b', '8a40c0353fa828a6013fa898d4ac0023', '910955c2192a418995eeab8bf15372e9');
INSERT INTO `sys_roleoperator` VALUES ('eb7e91e2d10b4a819d220adae9e1974e', '8d09137cec3d41db960c9137b79f19b3', 'cc88acee3a664c58861a872c351385e6');
INSERT INTO `sys_roleoperator` VALUES ('ec385c4831f145e286b528e077d450d6', '8a40c0353fa828a6013fa898d4ac0023', '05114c0cbe1f4c2095b3216f13cfb681');
INSERT INTO `sys_roleoperator` VALUES ('edae7d1fceea4a2ea20a7ec403686277', '8a40c0353fa828a6013fa898d4ac0023', '3dd486cd58da467dbd83ae420db14815');
INSERT INTO `sys_roleoperator` VALUES ('eeed83d366eb4083968cfdae9dba28b1', '8a40c0353fa828a6013fa898d4ac0023', 'ca0f6da01ada419eaa7739d9790e5b88');
INSERT INTO `sys_roleoperator` VALUES ('f0141c6068f74b8a95c3bf732c0111b8', '8a40c0353fa828a6013fa898d4ac0023', '7bd7ca42560140ee8573b2ade6388f3e');
INSERT INTO `sys_roleoperator` VALUES ('f2af55e2b3444d2aa4721ea077e746ae', '8d09137cec3d41db960c9137b79f19b3', '30bf01ffe1cb4ed39e92c6600ea39e93');
INSERT INTO `sys_roleoperator` VALUES ('f2cfb3f642f64fdc80daecf002266bb9', '8a40c0353fa828a6013fa898d4ac0023', '0fb7938c7d614fc389568eb67b442303');
INSERT INTO `sys_roleoperator` VALUES ('f7dcf386fcf4407b863c923290200154', '8a40c0353fa828a6013fa898d4ac0023', '83ef85fd17804bb195d0ad3c07f88c30');
INSERT INTO `sys_roleoperator` VALUES ('f8ebeeba423a4ded8cfb9cc560f3310b', '8d09137cec3d41db960c9137b79f19b3', '22926eb196a14b48be775f4880b5ba94');
INSERT INTO `sys_roleoperator` VALUES ('fab63e537c9f45549b69e0987b9ceaae', '8d09137cec3d41db960c9137b79f19b3', 'a5289b2638d845fbb06dedbcdd517f97');
INSERT INTO `sys_roleoperator` VALUES ('fec66e284bd8410bbcf863da0f9fe91d', '8a40c0353fa828a6013fa898d4ac0023', 'fd9978df5c5a47f298e2d28e21e70b15');

-- ----------------------------
-- Table structure for sys_user
-- ----------------------------
DROP TABLE IF EXISTS `sys_user`;
CREATE TABLE `sys_user` (
  `id` varchar(32) COLLATE utf8_bin NOT NULL,
  `orderid` bigint(20) DEFAULT NULL,
  `username` varchar(50) COLLATE utf8_bin DEFAULT NULL,
  `password` varchar(500) COLLATE utf8_bin DEFAULT NULL,
  `name` varchar(25) COLLATE utf8_bin DEFAULT NULL COMMENT '姓名',
  `salt` varchar(500) COLLATE utf8_bin DEFAULT NULL,
  `status` char(1) COLLATE utf8_bin DEFAULT '1',
  `stopdate` timestamp NULL DEFAULT NULL ON UPDATE CURRENT_TIMESTAMP COMMENT '退出时间',
  `departmentid` varchar(32) COLLATE utf8_bin DEFAULT NULL COMMENT '部门ID',
  `stationid` text COLLATE utf8_bin COMMENT '岗位ID',
  `email` varchar(100) COLLATE utf8_bin DEFAULT NULL,
  `idcard` varchar(25) COLLATE utf8_bin DEFAULT NULL COMMENT '身份证号',
  `mobile` varchar(20) COLLATE utf8_bin DEFAULT NULL,
  PRIMARY KEY (`id`),
  KEY `usernameindex` (`username`) USING BTREE
) ENGINE=InnoDB DEFAULT CHARSET=utf8 COLLATE=utf8_bin;

-- ----------------------------
-- Records of sys_user
-- ----------------------------
INSERT INTO `sys_user` VALUES ('7ac6e4c544634e179f78803d5ba2d0ca', null, 'li', '$shiro1$SHA-256$500000$56SC2R0XL99zt0LK9FLSUA==$MVu7AoGVACwR2ZCzmom/+tvmne9NImydsMbgTP6zKrw=', null, null, '1', null, null, null, null, null, null);

-- ----------------------------
-- Table structure for sys_userinfo
-- ----------------------------
DROP TABLE IF EXISTS `sys_userinfo`;
CREATE TABLE `sys_userinfo` (
  `ids` varchar(32) COLLATE utf8_bin NOT NULL,
  `version` bigint(20) DEFAULT NULL,
  `address` varchar(300) COLLATE utf8_bin DEFAULT NULL,
  `addressinfo` varchar(300) COLLATE utf8_bin DEFAULT NULL,
  `avoirdupois` varchar(5) COLLATE utf8_bin DEFAULT NULL,
  `birthday` date DEFAULT NULL,
  `bloodgroup` varchar(15) COLLATE utf8_bin DEFAULT NULL,
  `clientlevelend` timestamp NULL DEFAULT NULL ON UPDATE CURRENT_TIMESTAMP,
  `clientlevelstart` timestamp NULL DEFAULT NULL,
  `culture` varchar(30) COLLATE utf8_bin DEFAULT NULL,
  `description` varchar(200) COLLATE utf8_bin DEFAULT NULL,
  `finishschooldate` date DEFAULT NULL,
  `folk` varchar(20) COLLATE utf8_bin DEFAULT NULL,
  `government` varchar(25) COLLATE utf8_bin DEFAULT NULL,
  `homepage` varchar(100) COLLATE utf8_bin DEFAULT NULL,
  `householder` varchar(20) COLLATE utf8_bin DEFAULT NULL,
  `marriage` varchar(20) COLLATE utf8_bin DEFAULT NULL,
  `msn` varchar(20) COLLATE utf8_bin DEFAULT NULL,
  `nativityaddress` varchar(20) COLLATE utf8_bin DEFAULT NULL,
  `postboy` varchar(6) COLLATE utf8_bin DEFAULT NULL,
  `qq` varchar(20) COLLATE utf8_bin DEFAULT NULL,
  `schoolname` varchar(20) COLLATE utf8_bin DEFAULT NULL,
  `sex` varchar(5) COLLATE utf8_bin DEFAULT NULL,
  `speciality` varchar(20) COLLATE utf8_bin DEFAULT NULL,
  `stature` varchar(5) COLLATE utf8_bin DEFAULT NULL,
  `telephone` varchar(20) COLLATE utf8_bin DEFAULT NULL,
  PRIMARY KEY (`ids`),
  KEY `bloodgroupindex` (`bloodgroup`) USING BTREE,
  KEY `msnindex` (`msn`) USING BTREE,
  KEY `nativityaddressindex` (`nativityaddress`) USING BTREE,
  KEY `postboyindex` (`postboy`) USING BTREE,
  KEY `schoolnameindex` (`schoolname`) USING BTREE,
  KEY `specialityindex` (`speciality`) USING BTREE
) ENGINE=InnoDB DEFAULT CHARSET=utf8 COLLATE=utf8_bin;

-- ----------------------------
-- Records of sys_userinfo
-- ----------------------------
INSERT INTO `sys_userinfo` VALUES ('03a44ba0aa4e4905bea726d4da976ba5', '8', '湖北钟祥', null, '55', '2012-03-07', 'bloodGroup_A', '2017-01-14 20:20:45', '2014-06-09 11:21:13', 'wenHuaChenDu_chuZhong', '湖北钟祥', '2010-10-25', 'folk_han', 'government_dangYuan', 'http://www.4bu4.com', '湖北钟祥', 'marriage_no', null, '湖北钟祥', '431924', '150584428', '西安外事学院', 'man', '电子商务', '165', '027-65155060');
INSERT INTO `sys_userinfo` VALUES ('222d3ae976264a4c9577188aad33c856', '1', null, null, null, null, null, '2017-01-14 15:40:12', null, null, null, null, null, null, null, null, null, null, null, null, null, null, null, null, null, null);
INSERT INTO `sys_userinfo` VALUES ('ef15e94a52584743b2b9bf604fccd0cc', '0', null, null, null, null, null, null, null, null, null, null, null, null, null, null, null, null, null, null, null, null, null, null, null, null);
