/*
Navicat MySQL Data Transfer

Source Server         : localhost
Source Server Version : 50610
Source Host           : localhost:3306
Source Database       : jfinaloa

Target Server Type    : MYSQL
Target Server Version : 50610
File Encoding         : 65001

Date: 2017-03-05 20:39:40
*/

SET FOREIGN_KEY_CHECKS=0;

-- ----------------------------
-- Table structure for act_evt_log
-- ----------------------------
DROP TABLE IF EXISTS `act_evt_log`;
CREATE TABLE `act_evt_log` (
  `LOG_NR_` bigint(20) NOT NULL AUTO_INCREMENT,
  `TYPE_` varchar(64) COLLATE utf8_bin DEFAULT NULL,
  `PROC_DEF_ID_` varchar(64) COLLATE utf8_bin DEFAULT NULL,
  `PROC_INST_ID_` varchar(64) COLLATE utf8_bin DEFAULT NULL,
  `EXECUTION_ID_` varchar(64) COLLATE utf8_bin DEFAULT NULL,
  `TASK_ID_` varchar(64) COLLATE utf8_bin DEFAULT NULL,
  `TIME_STAMP_` timestamp(3) NOT NULL DEFAULT CURRENT_TIMESTAMP(3) ON UPDATE CURRENT_TIMESTAMP(3),
  `USER_ID_` varchar(255) COLLATE utf8_bin DEFAULT NULL,
  `DATA_` longblob,
  `LOCK_OWNER_` varchar(255) COLLATE utf8_bin DEFAULT NULL,
  `LOCK_TIME_` timestamp(3) NULL DEFAULT NULL,
  `IS_PROCESSED_` tinyint(4) DEFAULT '0',
  PRIMARY KEY (`LOG_NR_`)
) ENGINE=InnoDB DEFAULT CHARSET=utf8 COLLATE=utf8_bin;

-- ----------------------------
-- Records of act_evt_log
-- ----------------------------

-- ----------------------------
-- Table structure for act_ge_bytearray
-- ----------------------------
DROP TABLE IF EXISTS `act_ge_bytearray`;
CREATE TABLE `act_ge_bytearray` (
  `ID_` varchar(64) COLLATE utf8_bin NOT NULL,
  `REV_` int(11) DEFAULT NULL,
  `NAME_` varchar(255) COLLATE utf8_bin DEFAULT NULL,
  `DEPLOYMENT_ID_` varchar(64) COLLATE utf8_bin DEFAULT NULL,
  `BYTES_` longblob,
  `GENERATED_` tinyint(4) DEFAULT NULL,
  PRIMARY KEY (`ID_`),
  KEY `ACT_FK_BYTEARR_DEPL` (`DEPLOYMENT_ID_`),
  CONSTRAINT `ACT_FK_BYTEARR_DEPL` FOREIGN KEY (`DEPLOYMENT_ID_`) REFERENCES `act_re_deployment` (`ID_`)
) ENGINE=InnoDB DEFAULT CHARSET=utf8 COLLATE=utf8_bin;

-- ----------------------------
-- Records of act_ge_bytearray
-- ----------------------------
INSERT INTO `act_ge_bytearray` VALUES ('0ef169687ce144fda70fc1d90540a701', '1', 'source', null, 0x7B226964223A2263616E766173222C227265736F757263654964223A2263616E766173222C227374656E63696C736574223A7B226E616D657370616365223A22687474703A2F2F62336D6E2E6F72672F7374656E63696C7365742F62706D6E322E3023227D7D, null);
INSERT INTO `act_ge_bytearray` VALUES ('1a107e262d1747b69a2eda6d61417bf9', '1', 'source', null, 0x7B226964223A2263616E766173222C227265736F757263654964223A2263616E766173222C227374656E63696C736574223A7B226E616D657370616365223A22687474703A2F2F62336D6E2E6F72672F7374656E63696C7365742F62706D6E322E3023227D7D, null);
INSERT INTO `act_ge_bytearray` VALUES ('42122fce5952476783bf465d9b2b4908', '1', 'source', null, 0x7B226964223A2263616E766173222C227265736F757263654964223A2263616E766173222C227374656E63696C736574223A7B226E616D657370616365223A22687474703A2F2F62336D6E2E6F72672F7374656E63696C7365742F62706D6E322E3023227D7D, null);
INSERT INTO `act_ge_bytearray` VALUES ('631353aa92694f55982775cc3ed62e4a', '3', 'source', null, 0x7B227265736F757263654964223A223064336532656538323038613430646439306464363234333164646563343631222C2270726F70657274696573223A7B2270726F636573735F6964223A2270726F63657373222C226E616D65223A22222C22646F63756D656E746174696F6E223A22222C2270726F636573735F617574686F72223A22222C2270726F636573735F76657273696F6E223A22222C2270726F636573735F6E616D657370616365223A22687474703A2F2F7777772E61637469766974692E6F72672F70726F63657373646566222C22657865637574696F6E6C697374656E657273223A22222C226576656E746C697374656E657273223A22222C227369676E616C646566696E6974696F6E73223A22222C226D657373616765646566696E6974696F6E73223A22227D2C227374656E63696C223A7B226964223A2242504D4E4469616772616D227D2C226368696C64536861706573223A5B7B227265736F757263654964223A227369642D38303046363632372D354535342D343732362D393643362D453742354135413138383131222C2270726F70657274696573223A7B226F766572726964656964223A22222C226E616D65223A22222C22646F63756D656E746174696F6E223A22222C22657865637574696F6E6C697374656E657273223A22222C22696E69746961746F72223A22222C22666F726D6B6579646566696E6974696F6E223A22222C22666F726D70726F70657274696573223A22227D2C227374656E63696C223A7B226964223A2253746172744E6F6E654576656E74227D2C226368696C64536861706573223A5B5D2C226F7574676F696E67223A5B7B227265736F757263654964223A227369642D37393337303339462D393734372D344331412D393345342D313236334431443946333230227D5D2C22626F756E6473223A7B226C6F7765725269676874223A7B2278223A3130342E37352C2279223A3134397D2C2275707065724C656674223A7B2278223A37342E37352C2279223A3131397D7D2C22646F636B657273223A5B5D7D2C7B227265736F757263654964223A227369642D42444139443842442D323232422D344537332D384338412D373733334539444230363937222C2270726F70657274696573223A7B226F766572726964656964223A22222C226E616D65223A22E9A286E5AFBCE5AEA1E689B9222C22646F63756D656E746174696F6E223A22222C226173796E6368726F6E6F7573646566696E6974696F6E223A2266616C7365222C226578636C7573697665646566696E6974696F6E223A2266616C7365222C22657865637574696F6E6C697374656E657273223A22222C226D756C7469696E7374616E63655F74797065223A224E6F6E65222C226D756C7469696E7374616E63655F63617264696E616C697479223A22222C226D756C7469696E7374616E63655F636F6C6C656374696F6E223A22222C226D756C7469696E7374616E63655F7661726961626C65223A22222C226D756C7469696E7374616E63655F636F6E646974696F6E223A22222C226973666F72636F6D70656E736174696F6E223A2266616C7365222C22757365727461736B61737369676E6D656E74223A22222C22666F726D6B6579646566696E6974696F6E223A22222C2264756564617465646566696E6974696F6E223A22222C227072696F72697479646566696E6974696F6E223A22222C22666F726D70726F70657274696573223A22222C227461736B6C697374656E657273223A22227D2C227374656E63696C223A7B226964223A22557365725461736B227D2C226368696C64536861706573223A5B5D2C226F7574676F696E67223A5B7B227265736F757263654964223A227369642D44433032463134412D353037382D344143442D383732462D324439433438444237413339227D5D2C22626F756E6473223A7B226C6F7765725269676874223A7B2278223A3330302E37352C2279223A3137347D2C2275707065724C656674223A7B2278223A3230302E37352C2279223A39347D7D2C22646F636B657273223A5B5D7D2C7B227265736F757263654964223A227369642D46443146353031302D333135422D343742332D383139352D383134433835394234324130222C2270726F70657274696573223A7B226F766572726964656964223A22222C226E616D65223A22222C22646F63756D656E746174696F6E223A22222C22657865637574696F6E6C697374656E657273223A22227D2C227374656E63696C223A7B226964223A22456E644E6F6E654576656E74227D2C226368696C64536861706573223A5B5D2C226F7574676F696E67223A5B5D2C22626F756E6473223A7B226C6F7765725269676874223A7B2278223A3431382C2279223A3134387D2C2275707065724C656674223A7B2278223A3339302C2279223A3132307D7D2C22646F636B657273223A5B5D7D2C7B227265736F757263654964223A227369642D37393337303339462D393734372D344331412D393345342D313236334431443946333230222C2270726F70657274696573223A7B226F766572726964656964223A22222C226E616D65223A22222C22646F63756D656E746174696F6E223A22222C22636F6E646974696F6E73657175656E6365666C6F77223A22222C22657865637574696F6E6C697374656E657273223A22222C2264656661756C74666C6F77223A2266616C7365227D2C227374656E63696C223A7B226964223A2253657175656E6365466C6F77227D2C226368696C64536861706573223A5B5D2C226F7574676F696E67223A5B7B227265736F757263654964223A227369642D42444139443842442D323232422D344537332D384338412D373733334539444230363937227D5D2C22626F756E6473223A7B226C6F7765725269676874223A7B2278223A3230302E363935333132352C2279223A3133347D2C2275707065724C656674223A7B2278223A3130352E32313438343337352C2279223A3133347D7D2C22646F636B657273223A5B7B2278223A31352C2279223A31357D2C7B2278223A35302C2279223A34307D5D2C22746172676574223A7B227265736F757263654964223A227369642D42444139443842442D323232422D344537332D384338412D373733334539444230363937227D7D2C7B227265736F757263654964223A227369642D44433032463134412D353037382D344143442D383732462D324439433438444237413339222C2270726F70657274696573223A7B226F766572726964656964223A22222C226E616D65223A22222C22646F63756D656E746174696F6E223A22222C22636F6E646974696F6E73657175656E6365666C6F77223A22222C22657865637574696F6E6C697374656E657273223A22222C2264656661756C74666C6F77223A2266616C7365227D2C227374656E63696C223A7B226964223A2253657175656E6365466C6F77227D2C226368696C64536861706573223A5B5D2C226F7574676F696E67223A5B7B227265736F757263654964223A227369642D46443146353031302D333135422D343742332D383139352D383134433835394234324130227D5D2C22626F756E6473223A7B226C6F7765725269676874223A7B2278223A3338392E3833303037383132352C2279223A3133347D2C2275707065724C656674223A7B2278223A3330302E3833373839303632352C2279223A3133347D7D2C22646F636B657273223A5B7B2278223A35302C2279223A34307D2C7B2278223A31342C2279223A31347D5D2C22746172676574223A7B227265736F757263654964223A227369642D46443146353031302D333135422D343742332D383139352D383134433835394234324130227D7D5D2C22626F756E6473223A7B226C6F7765725269676874223A7B2278223A313230302C2279223A313035307D2C2275707065724C656674223A7B2278223A302C2279223A307D7D2C227374656E63696C736574223A7B2275726C223A227374656E63696C736574732F62706D6E322E302F62706D6E322E302E6A736F6E222C226E616D657370616365223A22687474703A2F2F62336D6E2E6F72672F7374656E63696C7365742F62706D6E322E3023227D2C227373657874656E73696F6E73223A5B5D7D, null);
INSERT INTO `act_ge_bytearray` VALUES ('83d967aa4d3046c08f74b023d6427498', '2', 'source-extra', null, 0x89504E470D0A1A0A0000000D49484452000001D4000000E00806000000BABB9763000000206348524D00007A26000080840000FA00000080E8000075300000EA6000003A98000017709CBA513C0000000467414D410000B18E7CFB5193000000017352474200AECE1CE900000006624B474400FF00FF00FFA0BDA793000000097048597300000EC400000EC401952B0E1B000014FC4944415478DAEDDD097094659EC7F1A73B21078490831B0441C1008A4851A00C083808780CC2081265E528976B673C9045C16B5D718AD2851A1D1D99104096FBAC45C1234821481045D4702D02E1260921914008241DBA3BFBFFBF9BCE34984042D29DEBFBA97AAB8FF4014F3FFDFCDEE7799FF76963000000000000000000000000000000000000000000000000000000000000000000000000000000000000000000000000000000000000000000000000000000000000000000000000000000000000000000000000000000000000000000000000000000000000000000000000000000000000000000000000000000000000000000000000000000000000000000000000000000000000000000000000000000000000000000000000000000000000000000000000000000000000000000000000000000000000000000000000000000000000000000000000000000000000000000000000000000000000000000000000000000000000000000000000000000007FB1510440D9EDDCB9F3F776BB7DB2C3E1E891979717ED76BBF92E95B731B2D94CDDBA757365FB45B68FDBB56B3747EE7352322050811A68F3E6CD9D828282D6141414B46FDAB4A9BD418306A67EFDFA46C295C22927D92931393939263B3BDBA4A7A76B99664544448C8F89895943E98040056A906DDBB6FDC1E572AD6DD5AA559DE6CD9B5B3D2AF84E6A6AAA3971E28491B2FEA07DFBF6CF5122A8EA022802A074612ABDD2551D3B760C6ED4A81161EA07DAF38F8A8A32C78E1DEB317DFAF4880F3EF820815201810A54630909093172B1B153A74E75C3C3C38B7D4C4EC60193BA7F8D493FF899C93AB9DD5CC93D6742C29B1B7B603005580E414141262222C2242727F778EEB9E712E3E2E28E512AA8AA38F003DCB8518F6FDDBA757049617A21F52793B267B9C9CB4E31056EA7715DC935E7537699933F7D6CDCAE7C0AB09CEAD5AB67A4FC6D0E876319A5010215A8A6366EDCD8C56EB7776ED1A24560498FC938B2C91414B87F737FFEA50C73418215E5A7C7AC0B0A0A1AFFF0C30F83290D10A8403564B3D91E6FDAB4A9BBA463A6AEFC1CE3746497F87CC7A5B314620569D2A48986EA244A02042A500D0504040C8A8C8C8C28E9EF6EF7F54F932CAEE78A9BA343EE0E87A31B25010215A8865C2E57679D6D8ACA171616A6811A4D49804005AAA720166DA8228D957C0E0505059CAF040215A8890283C38DCD56F2D72830288C420208540037A2611ADDA66FB1A15A2734CA8437BD9B4202085400A5D1B0ED03564FF537F74BD0068735A1800002154069E8E20DC5CDE675E6E75038402D12481100372F27F3A0B5DC6071E7A266246F34F997334DE3760F99803AA1141640A00228AE57FAEBB12DE6DC89C4EB9E6BAACB125E3E77D43489F983096B7807050710A8003C2EFD7AD8A41FFADC5A5AB034AEE49D37A793169BC896DDADE3AD01CCFC056A248EA10265A00BE06B3896364CBD659DDE6952F7AFA510010215404913904AABE0064B1502A8BE18F205CAA06E641B13D3FF6D0A02003D540000085400000854000008540000701D4C4AAA60F1F1F19D737373A7656565F5CACCCC6C929D9D5DC7E170D8EAD4A9A33F90EC6CD6AC594E7474F4AE6EDDBA2D906DB5CD6663DA27806A67E4C8912D9D4EE71069C3FAC8CD2EB235954D4FB2CE93ED4C41414192FC6D7B4040C08AA54B979E2650516A53A74E1D63B7DBFFB26FDFBE661D3B76B40D1C38D0DC72CB2D262A2ACA84848498BCBC3C73F1E2C5C053A74E45C863FA4B05EBBF61C3868573E7CE5D307EFCF849942080EAE0C9279F1C22177F72BBDDF74B600615F39010D96E95BFDD2A97435C2ED77FC5C6C66E91DBF3972F5FBE84404589240C6F0B0B0BFB5CF6C6DA3DF1C413B6BBEFBEDBC81ED96F6B9884AA6E8D1A35325DBB7635A3468D32BB77EF0E5AB56AD5C4575E796554F7EEDD63870C19B29E1205501549286A48FE43DABA8137F1F4BEF2BCBEF21A132460C7AE5EBD3A9940C555264F9E3C312727E76FFDFAF5ABF3D0430F151BA4D7A3E1AB5B424242DD75EBD67DBA68D1A2A512B4FF42C902A84A468C18116BB7DB3F925E69A4E73E6DEFEEBCF34ED3A3470F73FBEDB79B88880853BF7E7D73F9F26573FEFC7973FCF871B373E74EF3D34F3F992B57AE789ED64B9EF7B3F47227D5C4DE2A817A93A45739462ACDDFA64E9D5AA75DBB76E57A2D1D1E8E898931B367CF1EB978F1E288A79F7EFA514A18401509D347254C974898067882543B1003060CB046DCAE55B76E5D6B6BDEBCB9E9D9B3A715AE9F7DF699F9E28B2F8CF44EF52161D25B5D2CA11A22A13AAF269515B37C6FC29831639ECECACA8A7BF3CD37CB1DA61EAD5BB736AFBFFEBAEED13D121F1F1F472903A8223DD375128056986A48CE9C39532724151BA6C5D19EAB3E5E9FA7F34A3CE435E325546BD4881C815A4685C711E64C9E3C39A8B415AAB4F4F5A64C996276EDDA356EDEBC79BFA7B40154665B27BDD18F3C617AC71D7718E9445C158A65A1CFD3E7DF75D75DDEA13A4742358640ADA5C2C2C2560E1D3A34B4A27AA6C5F554E5F56D870E1D5A436903A8B470B0DBE7798E996ACF5477F6F5186979E850F00B2FBCE01DCA3AFC1B4FA0D6423A5D5C2A44C7418306F9B4DCF498AAF4822366CD9AF5174A1D4065B47512A6D628991E33D5102C6F987A87EAB3CF3EEB3D89B3574D19FA2550CB402AD4ABA3478F0ED3451A7C4D8F39646666FE99522FBFD8D8D8D7B481E8DBB72F93F0409D2F9D3F79AEE804A49B1DE62D89BEDEA38FFE73EEA5F45227D48472A781297DC0B5940FBDBD9EE6E20F7A9C212F2F2F7CD9B265BD9E7AEAA9443E817299219F9D69D2A449AE34345F48EF3FDEE97426AE5EBD3A87A2414DAFF323468CD868B7DBFF51DA3AAF6D9DF44EFB797AA71AA8BE3068D020F3F9E79F7B4EA9E9A5C76C57AC58719C40AD0574892D09536759CF352D8F6EDDBA9953A74E4D94AB046A0590200D958B3F4A43F347F91C73640FFE0BB9BD20383878CBC2850BF3AACABF73D3A64D263939D94C9C38D17CFAE9A745F75FBC78D11A76D3BFEBB97F3A8AB179F366F3D5575F99060D1A14FB5A7A4EE05B6FBD55E27BCD9D3BD70C1932C4346EDCB8C4C73CF3CC3366C28409A673E7CE66DCB871E6E38F3F3681818166D8B061461A40EB3AAA749D7F4CEAFC6352E72F15EE50CEBF5E9D2F5C4ED06AE8B403A1ABBDF982CEFED5456EBEFFFE7BCF5DC3649B45A0D6022121210324E0A2FCF99E1D3A7430FBF7EFFF1DA5EF133A1962B85C0ECFCBCB7348B8FE8F5C5F999696B661CB962D95BABE72525292751C5DF7DE070F1E6CA4B76005637C7CBC15A23A54263D0EEBB1F9F9F9A64F9F3ED6DE7E719E7FFEF9AB6EEFDDBBD71C3B76ACE8B6BEF6471F7D64356C1E7BF6EC318F3FFEB855FF54505090E9DEBDBBF55E0F3CF0405180EAAC74C2B45AA9A7A125F57E98D4F97C09D74F2538975E5BE70BD7E6B5E8E7EE4BFAFA5E81DA8740AD255C2E57679D81EB4F7A9C212323A331A5EF73C1D2C8C4CA656CD3A64DB5E7BA59AECFD1BD787FFF434E9F3E6D7DEE3AE4BF63C70EB375EB562B586FBDF556D3A64D1BABC73A6FDE3CAB97181D1D6D3D67D7AE5D65EAFD4E9E3CB9E8B6AE64939D9D6DFAF7EF6FDDD635A7CF9E3D6B85A9AE7073F2E4496BC51B3DDD414F9B408D11E40957A9F397A4CE6F95DB1F689D973AD0C5F3A0B66DDBFAF41FA1F5DA4B97EA5EA8046A29C99E7C631DA2F0271DDE93CA1D227B926FF209F8B5E73A582E076BB8AC5AB5CAB468D1C2DC76DB6DFEA86366C3860D66F8F0E1E6EDB7DF36AFBDF69A8E505841EA19FE7DF8E187CD8913278AC254E9A181927AA8DA93D560D41EA886A33E5F2FA511B5FE7EE4C8113DCE66F53ED5C68D1BCD638F3D665DD7E7E89690906005AA3E262E2ECE7A8CFE5BF5766A6AAA356C3C6DDA346BAD6A5FCACCCCB4FE2F7C1F2ABEE72A75FE61B97C58EBBC28F0FCC1D76DDE35AFDF9040AD3D811AEAEB06E35AFA7E4EA753C7F6FE834FA072E8714B0DD5E9D3A7FBA5773A7EFC782B04A5C760DDD7A95327B36DDB36EBFAB265CBAC21E0ABBEC08181E6C2850B25BEA62E0FF7F2CB2F5BC1D8AA552B2B047545AE7EFDAC392766DFBE7D262525A52850172C5870D5F0EFB5817FE6CC1973CF3DF758C3BD5A36478F1EB57AB7FA375FD372F8F9E79F0DDF079FB379EFD4FB929E42E3DDE411A8B58434729765EFADAE3F4355F7160302025CE26D3E8172294D03AC7BE59A0A57CD3A0B0F0FB78E27FA83F61AD7AE5D6B828383ADDB3A99C8FB18686464E46F9EA361B672E54AF3EAABAF9A7AF5EA9966CD9A59F767646458BDB9F6EDDB5B3D580D3CCF71575D94A457AF5E458FD3E7DC7BEFBDD6EDF5EBD79B962D5B16BDBE06AD86A6BE8786B02E82EE79AEF6923DD7FDA177EFDE56EF5C42F53FA9D21552E74D619DBFEAF4499BCDE6961EABDDB343E9CB50D5B901DE4D1E815A5B76D96CB6F4F3E7CFB7F10C95F9AB7724019E3B7FFEFC37F9046E5E6C6C6C898D8B341CAEC2198DBA571E20B7CFCBED4D3A594382EDCBE1C387E76A28F9834EFED1E15E8F43870E59BD453DCEE9EDD75F7FB52EF558A7EEE13FF2C823D6E6EDBBEFBEB37ABC2FBDF49279F7DD77ADC9449E6162BD5F273E290D283D86EAD9514C4F4F2F7A8D3973E658C3C3A1A1A1BAA66B512FB6B2346CD8D02A0FE971F37DA8983A6FF515AEADF3B223BF57EEBF5DFFA80BDBFB3250F5F5BD6412A8B584F4127F94062E4002B595BFDEF3D4A953DA601EA2F42B9634200E693C820B7794B461D173F3BE946DA584C7A6850B17167DCB7556AD3FE990AAEEB4E9E4A1B163C75AF7EDDEBDDB0A3D3D96EB1D7AF26FB782530356432F2C2CACE875F4D8AB9EEEA061DCB76F5FCFAF7C583D553DEFCF138E4EA7D3DA3CB7F5EF9EDEAC9E2EA3213F69D2A41BFEBBF5DFE07D5C17558E7EC041A5A9F312C6499E40D5D1898A5ED4C19B4E78F39244A0D69E4678EBB7DF7E1B73FFFDF7FBED3D0F1C38600A2B3D2A76B421B8B041D1F5923F93DED986AA721EAA869B4EF2D119B59E80D260D3FBF4B86A6262A2B50C9CD2E3989ED9B9DA9BD4E157CFC2E31A8469696956CFD45B6E6EAE759A8D67A856C359D769BDEFBEFB8A7AACDE3DE6EB05BFB71F7FFCD13A5E8B2A2BA8B4755EDB3AF98EE839A1D60E99D6175FB966F4652B815A4B040606AE93807B55F7F4FDB5B8C38E1D3BF264CF3F9ED2AFB09D22DD0BDF22BDAFFF2E3CB1FD7C55FB37EAF14B5D68412712791AB2C3870F9B2E5DBA58338D7556E4AC59B3CC8B2FBE78D5CF67E9C20B7AFC55C3511779286978568FC37A079FF644B53E7BC2D3D32BF684BB4E7AF24C38D259B6BA88844E62D2C953FA1EFA18BD5F7B32A819755EDB3A69E7FEAA577574E4DCB9733E59DC41877B65474CE72E78264155FB1F0421504B69E9D2A5A7A587B04F7AA919BD7BF7BECBD7EFA727E03B1C8EE4EABE145715F1BAEC711F97BDF235556945A492E8AA453366CCB0867AB5C7A8C747757294D25EAB2E2CAE27C37BAF85AAC1A8C75F35E4BEF9E61BF3CE3BEF580B41DC88867271939D9406A9F68C3D43C97A0C73E8D0A145C77935C4172F5E6C85AE2F7B31F06F9D2F6CEBB64818F7D70E84FE30B82F0E7D7CF9E597BA43E609D3C49AD0D611A865F3F7F9F3E7CFEAD9B3A72E41E8D3B2932F41F6A54B97DEA1C8CB4FBEA8D56E96B4F654752B6EED68ED85EA561CED69EA30EFB543BD25B9DEE3F4B5B427EA7DDB7BD294AE72E3EB9574506975FEEFB259C7133450F55057451E4BD5F921EBD7AF2FEA9D4AF8C7D58472E7D766CA60F9F2E5EBA4D7786AC18205DB7DF93E52811D99999987D2D2D25650EA002AA3AD938B2D7A5D7BA9EFBDF79E75D64145D05365DE7FFF7D97DBED2EEA9DD694B68E402DBBB15F7FFD75CCFEFDFB7D72D04887F856AE5C9977E5CA95A72B7B4D5900B5BBAD3385A7B2E88A58B367CF2E77A86A984A3817A4A4A47826A2E448EF745C4D69EB08D432D2717ED9B37A61E6CC994167CE9C395191AFAD27D9CF9831E37C7E7EFE9F650FF1174A1B4065B675050505CFCA552BEC0E1E3C682D41A9C3B537439FF7C61B6FB8F6EEDD5BB4129384E9A49AD4D611A837417A902B5C2ED7EB53A64CB1EFDBB7EF4005F54C5DD3A64D3B979393F38E54B025943280AAD0D6C9C5384FA86A4F5597E15CBA74E9B58B3294481FA73FF327ED9B77CF5467204FAF696D5D0055E6E648902675ECD8316DDBB66DC3A467B9AD6BD7AE2DED76FB4D4D54FAE4934FD23EFCF0C32B0E87E3DFA5027F48E9561DA3468D7AD3DFBF3284EBEE78EACC62961EF4735BD7A953A7C372B5BFF42843F487CB75152F9DA5AB3FAEA0A74EE9A9573AD35C97CDD4615D1D6DD33315D6AD5BA7BF8CE4DEBF7FBF4D9EE7E999EAF9B0136A625BC72CDF72EEBDC5C6C67E27A11ABF7DFBF6E3E3C68D4BEDD3A7CFFDA52DD7A4A4A47371717159B20777462AEABFCA5E1CC3BC00AA6C5B27ED54BC9E4EA3F7E964255D2F5AB71BF01E094DD463A635F59016815A4E85E74E3D28956D9884E384B973E7A6B56DDBF69804ABBD43870EB74445458585868646E7E5E5392F5CB89079FCF8F18B898989E765AFAF85F448F51845FC99336796300109407569EB24142748DBD5B70C199228DBFC9ADED611A81557D974958F3523478E6C79E4C89161C9C9C9BF93DBFAB31DF50A1FE22CDC0E9AFF5F626B0D8B3600A8CE6D9DDBEDD61F29D7B6AE9B6CFACB21FA2B0BBA9084CE0E4EAA6D6D1D815AC1749511B978AF700300DABA5A8259BE000010A8000010A8000010A800008040050080400500804005008040050000042A0000042A0000042A0000042A00002050010020500100205081EACFE176BB29852AA0F073E0C300810A54533F5CB870E10CC550F97272724C5050D0494A02042A503D6DC9CCCC3C413154BEECEC6CBD48A02440A002D5504141C1DAF4F4F45BE4328FD2A85CA9A9A9D9F9F9F90B290910A840353460C08024B7DBBD2739397907A551795252521C12A6BB1F7CF0C1EF280D10A8403525813A392D2DAD635656D6014AC3FF2E5DBA648E1D3B96E7743AFF8DD2405516401100D7B764C992CCD1A347279D3D7B76487878784A686868634AC56F61EADAB367CF39D9A9193D60C080444A04042A50CD2D5AB4E8E8A851A3FE373D3D7D4C6E6EEEA6E8E8E816369B2D8892F19D93274F1EFEE5975F6C12A663FBF7EFBF8112415567A30880D24B484888B1DBED7F9530ED141919F96393264D22A3A2A2EE0C080888A674CA47CF33CDCECE3E9A919191265B0BA7D37944EE7B61E0C081FB281D10A8400DB571E3C62E12AA8FCBD5BEB275932D84522937A76C49B26D916D2D139000000000000000000000000000000000000000000000000000000000000000000000000000000000000000000000000000000000000000000000000000000000000000000000000000000000000000000000000000000000000000000000000000000000000000000000000000000000000000000000000000000000000000000000000000007EF37F3EC238DF1B9CB45B0000000049454E44AE426082, null);
INSERT INTO `act_ge_bytearray` VALUES ('a39a1953caef4f059b156625b551c435', '1', 'source', null, 0x7B226964223A2263616E766173222C227265736F757263654964223A2263616E766173222C227374656E63696C736574223A7B226E616D657370616365223A22687474703A2F2F62336D6E2E6F72672F7374656E63696C7365742F62706D6E322E3023227D7D, null);
INSERT INTO `act_ge_bytearray` VALUES ('b67de4fde4254351b7a78eca1932069c', '1', 'source', null, 0x7B226964223A2263616E766173222C227265736F757263654964223A2263616E766173222C227374656E63696C736574223A7B226E616D657370616365223A22687474703A2F2F62336D6E2E6F72672F7374656E63696C7365742F62706D6E322E3023227D7D, null);
INSERT INTO `act_ge_bytearray` VALUES ('d2892937bcba445bb5fec76f7b83ec69', '1', 'source', null, 0x7B226964223A2263616E766173222C227265736F757263654964223A2263616E766173222C227374656E63696C736574223A7B226E616D657370616365223A22687474703A2F2F62336D6E2E6F72672F7374656E63696C7365742F62706D6E322E3023227D7D, null);

-- ----------------------------
-- Table structure for act_ge_property
-- ----------------------------
DROP TABLE IF EXISTS `act_ge_property`;
CREATE TABLE `act_ge_property` (
  `NAME_` varchar(64) COLLATE utf8_bin NOT NULL,
  `VALUE_` varchar(300) COLLATE utf8_bin DEFAULT NULL,
  `REV_` int(11) DEFAULT NULL,
  PRIMARY KEY (`NAME_`)
) ENGINE=InnoDB DEFAULT CHARSET=utf8 COLLATE=utf8_bin;

-- ----------------------------
-- Records of act_ge_property
-- ----------------------------
INSERT INTO `act_ge_property` VALUES ('next.dbid', '1', '1');
INSERT INTO `act_ge_property` VALUES ('schema.history', 'create(5.20.0.1)', '1');
INSERT INTO `act_ge_property` VALUES ('schema.version', '5.20.0.1', '1');

-- ----------------------------
-- Table structure for act_hi_actinst
-- ----------------------------
DROP TABLE IF EXISTS `act_hi_actinst`;
CREATE TABLE `act_hi_actinst` (
  `ID_` varchar(64) COLLATE utf8_bin NOT NULL,
  `PROC_DEF_ID_` varchar(64) COLLATE utf8_bin NOT NULL,
  `PROC_INST_ID_` varchar(64) COLLATE utf8_bin NOT NULL,
  `EXECUTION_ID_` varchar(64) COLLATE utf8_bin NOT NULL,
  `ACT_ID_` varchar(255) COLLATE utf8_bin NOT NULL,
  `TASK_ID_` varchar(64) COLLATE utf8_bin DEFAULT NULL,
  `CALL_PROC_INST_ID_` varchar(64) COLLATE utf8_bin DEFAULT NULL,
  `ACT_NAME_` varchar(255) COLLATE utf8_bin DEFAULT NULL,
  `ACT_TYPE_` varchar(255) COLLATE utf8_bin NOT NULL,
  `ASSIGNEE_` varchar(255) COLLATE utf8_bin DEFAULT NULL,
  `START_TIME_` datetime(3) NOT NULL,
  `END_TIME_` datetime(3) DEFAULT NULL,
  `DURATION_` bigint(20) DEFAULT NULL,
  `TENANT_ID_` varchar(255) COLLATE utf8_bin DEFAULT '',
  PRIMARY KEY (`ID_`),
  KEY `ACT_IDX_HI_ACT_INST_START` (`START_TIME_`),
  KEY `ACT_IDX_HI_ACT_INST_END` (`END_TIME_`),
  KEY `ACT_IDX_HI_ACT_INST_PROCINST` (`PROC_INST_ID_`,`ACT_ID_`),
  KEY `ACT_IDX_HI_ACT_INST_EXEC` (`EXECUTION_ID_`,`ACT_ID_`)
) ENGINE=InnoDB DEFAULT CHARSET=utf8 COLLATE=utf8_bin;

-- ----------------------------
-- Records of act_hi_actinst
-- ----------------------------

-- ----------------------------
-- Table structure for act_hi_attachment
-- ----------------------------
DROP TABLE IF EXISTS `act_hi_attachment`;
CREATE TABLE `act_hi_attachment` (
  `ID_` varchar(64) COLLATE utf8_bin NOT NULL,
  `REV_` int(11) DEFAULT NULL,
  `USER_ID_` varchar(255) COLLATE utf8_bin DEFAULT NULL,
  `NAME_` varchar(255) COLLATE utf8_bin DEFAULT NULL,
  `DESCRIPTION_` varchar(4000) COLLATE utf8_bin DEFAULT NULL,
  `TYPE_` varchar(255) COLLATE utf8_bin DEFAULT NULL,
  `TASK_ID_` varchar(64) COLLATE utf8_bin DEFAULT NULL,
  `PROC_INST_ID_` varchar(64) COLLATE utf8_bin DEFAULT NULL,
  `URL_` varchar(4000) COLLATE utf8_bin DEFAULT NULL,
  `CONTENT_ID_` varchar(64) COLLATE utf8_bin DEFAULT NULL,
  `TIME_` datetime(3) DEFAULT NULL,
  PRIMARY KEY (`ID_`)
) ENGINE=InnoDB DEFAULT CHARSET=utf8 COLLATE=utf8_bin;

-- ----------------------------
-- Records of act_hi_attachment
-- ----------------------------

-- ----------------------------
-- Table structure for act_hi_comment
-- ----------------------------
DROP TABLE IF EXISTS `act_hi_comment`;
CREATE TABLE `act_hi_comment` (
  `ID_` varchar(64) COLLATE utf8_bin NOT NULL,
  `TYPE_` varchar(255) COLLATE utf8_bin DEFAULT NULL,
  `TIME_` datetime(3) NOT NULL,
  `USER_ID_` varchar(255) COLLATE utf8_bin DEFAULT NULL,
  `TASK_ID_` varchar(64) COLLATE utf8_bin DEFAULT NULL,
  `PROC_INST_ID_` varchar(64) COLLATE utf8_bin DEFAULT NULL,
  `ACTION_` varchar(255) COLLATE utf8_bin DEFAULT NULL,
  `MESSAGE_` varchar(4000) COLLATE utf8_bin DEFAULT NULL,
  `FULL_MSG_` longblob,
  PRIMARY KEY (`ID_`)
) ENGINE=InnoDB DEFAULT CHARSET=utf8 COLLATE=utf8_bin;

-- ----------------------------
-- Records of act_hi_comment
-- ----------------------------

-- ----------------------------
-- Table structure for act_hi_detail
-- ----------------------------
DROP TABLE IF EXISTS `act_hi_detail`;
CREATE TABLE `act_hi_detail` (
  `ID_` varchar(64) COLLATE utf8_bin NOT NULL,
  `TYPE_` varchar(255) COLLATE utf8_bin NOT NULL,
  `PROC_INST_ID_` varchar(64) COLLATE utf8_bin DEFAULT NULL,
  `EXECUTION_ID_` varchar(64) COLLATE utf8_bin DEFAULT NULL,
  `TASK_ID_` varchar(64) COLLATE utf8_bin DEFAULT NULL,
  `ACT_INST_ID_` varchar(64) COLLATE utf8_bin DEFAULT NULL,
  `NAME_` varchar(255) COLLATE utf8_bin NOT NULL,
  `VAR_TYPE_` varchar(255) COLLATE utf8_bin DEFAULT NULL,
  `REV_` int(11) DEFAULT NULL,
  `TIME_` datetime(3) NOT NULL,
  `BYTEARRAY_ID_` varchar(64) COLLATE utf8_bin DEFAULT NULL,
  `DOUBLE_` double DEFAULT NULL,
  `LONG_` bigint(20) DEFAULT NULL,
  `TEXT_` varchar(4000) COLLATE utf8_bin DEFAULT NULL,
  `TEXT2_` varchar(4000) COLLATE utf8_bin DEFAULT NULL,
  PRIMARY KEY (`ID_`),
  KEY `ACT_IDX_HI_DETAIL_PROC_INST` (`PROC_INST_ID_`),
  KEY `ACT_IDX_HI_DETAIL_ACT_INST` (`ACT_INST_ID_`),
  KEY `ACT_IDX_HI_DETAIL_TIME` (`TIME_`),
  KEY `ACT_IDX_HI_DETAIL_NAME` (`NAME_`),
  KEY `ACT_IDX_HI_DETAIL_TASK_ID` (`TASK_ID_`)
) ENGINE=InnoDB DEFAULT CHARSET=utf8 COLLATE=utf8_bin;

-- ----------------------------
-- Records of act_hi_detail
-- ----------------------------

-- ----------------------------
-- Table structure for act_hi_identitylink
-- ----------------------------
DROP TABLE IF EXISTS `act_hi_identitylink`;
CREATE TABLE `act_hi_identitylink` (
  `ID_` varchar(64) COLLATE utf8_bin NOT NULL,
  `GROUP_ID_` varchar(255) COLLATE utf8_bin DEFAULT NULL,
  `TYPE_` varchar(255) COLLATE utf8_bin DEFAULT NULL,
  `USER_ID_` varchar(255) COLLATE utf8_bin DEFAULT NULL,
  `TASK_ID_` varchar(64) COLLATE utf8_bin DEFAULT NULL,
  `PROC_INST_ID_` varchar(64) COLLATE utf8_bin DEFAULT NULL,
  PRIMARY KEY (`ID_`),
  KEY `ACT_IDX_HI_IDENT_LNK_USER` (`USER_ID_`),
  KEY `ACT_IDX_HI_IDENT_LNK_TASK` (`TASK_ID_`),
  KEY `ACT_IDX_HI_IDENT_LNK_PROCINST` (`PROC_INST_ID_`)
) ENGINE=InnoDB DEFAULT CHARSET=utf8 COLLATE=utf8_bin;

-- ----------------------------
-- Records of act_hi_identitylink
-- ----------------------------

-- ----------------------------
-- Table structure for act_hi_procinst
-- ----------------------------
DROP TABLE IF EXISTS `act_hi_procinst`;
CREATE TABLE `act_hi_procinst` (
  `ID_` varchar(64) COLLATE utf8_bin NOT NULL,
  `PROC_INST_ID_` varchar(64) COLLATE utf8_bin NOT NULL,
  `BUSINESS_KEY_` varchar(255) COLLATE utf8_bin DEFAULT NULL,
  `PROC_DEF_ID_` varchar(64) COLLATE utf8_bin NOT NULL,
  `START_TIME_` datetime(3) NOT NULL,
  `END_TIME_` datetime(3) DEFAULT NULL,
  `DURATION_` bigint(20) DEFAULT NULL,
  `START_USER_ID_` varchar(255) COLLATE utf8_bin DEFAULT NULL,
  `START_ACT_ID_` varchar(255) COLLATE utf8_bin DEFAULT NULL,
  `END_ACT_ID_` varchar(255) COLLATE utf8_bin DEFAULT NULL,
  `SUPER_PROCESS_INSTANCE_ID_` varchar(64) COLLATE utf8_bin DEFAULT NULL,
  `DELETE_REASON_` varchar(4000) COLLATE utf8_bin DEFAULT NULL,
  `TENANT_ID_` varchar(255) COLLATE utf8_bin DEFAULT '',
  `NAME_` varchar(255) COLLATE utf8_bin DEFAULT NULL,
  PRIMARY KEY (`ID_`),
  UNIQUE KEY `PROC_INST_ID_` (`PROC_INST_ID_`),
  KEY `ACT_IDX_HI_PRO_INST_END` (`END_TIME_`),
  KEY `ACT_IDX_HI_PRO_I_BUSKEY` (`BUSINESS_KEY_`)
) ENGINE=InnoDB DEFAULT CHARSET=utf8 COLLATE=utf8_bin;

-- ----------------------------
-- Records of act_hi_procinst
-- ----------------------------

-- ----------------------------
-- Table structure for act_hi_taskinst
-- ----------------------------
DROP TABLE IF EXISTS `act_hi_taskinst`;
CREATE TABLE `act_hi_taskinst` (
  `ID_` varchar(64) COLLATE utf8_bin NOT NULL,
  `PROC_DEF_ID_` varchar(64) COLLATE utf8_bin DEFAULT NULL,
  `TASK_DEF_KEY_` varchar(255) COLLATE utf8_bin DEFAULT NULL,
  `PROC_INST_ID_` varchar(64) COLLATE utf8_bin DEFAULT NULL,
  `EXECUTION_ID_` varchar(64) COLLATE utf8_bin DEFAULT NULL,
  `NAME_` varchar(255) COLLATE utf8_bin DEFAULT NULL,
  `PARENT_TASK_ID_` varchar(64) COLLATE utf8_bin DEFAULT NULL,
  `DESCRIPTION_` varchar(4000) COLLATE utf8_bin DEFAULT NULL,
  `OWNER_` varchar(255) COLLATE utf8_bin DEFAULT NULL,
  `ASSIGNEE_` varchar(255) COLLATE utf8_bin DEFAULT NULL,
  `START_TIME_` datetime(3) NOT NULL,
  `CLAIM_TIME_` datetime(3) DEFAULT NULL,
  `END_TIME_` datetime(3) DEFAULT NULL,
  `DURATION_` bigint(20) DEFAULT NULL,
  `DELETE_REASON_` varchar(4000) COLLATE utf8_bin DEFAULT NULL,
  `PRIORITY_` int(11) DEFAULT NULL,
  `DUE_DATE_` datetime(3) DEFAULT NULL,
  `FORM_KEY_` varchar(255) COLLATE utf8_bin DEFAULT NULL,
  `CATEGORY_` varchar(255) COLLATE utf8_bin DEFAULT NULL,
  `TENANT_ID_` varchar(255) COLLATE utf8_bin DEFAULT '',
  PRIMARY KEY (`ID_`),
  KEY `ACT_IDX_HI_TASK_INST_PROCINST` (`PROC_INST_ID_`)
) ENGINE=InnoDB DEFAULT CHARSET=utf8 COLLATE=utf8_bin;

-- ----------------------------
-- Records of act_hi_taskinst
-- ----------------------------

-- ----------------------------
-- Table structure for act_hi_varinst
-- ----------------------------
DROP TABLE IF EXISTS `act_hi_varinst`;
CREATE TABLE `act_hi_varinst` (
  `ID_` varchar(64) COLLATE utf8_bin NOT NULL,
  `PROC_INST_ID_` varchar(64) COLLATE utf8_bin DEFAULT NULL,
  `EXECUTION_ID_` varchar(64) COLLATE utf8_bin DEFAULT NULL,
  `TASK_ID_` varchar(64) COLLATE utf8_bin DEFAULT NULL,
  `NAME_` varchar(255) COLLATE utf8_bin NOT NULL,
  `VAR_TYPE_` varchar(100) COLLATE utf8_bin DEFAULT NULL,
  `REV_` int(11) DEFAULT NULL,
  `BYTEARRAY_ID_` varchar(64) COLLATE utf8_bin DEFAULT NULL,
  `DOUBLE_` double DEFAULT NULL,
  `LONG_` bigint(20) DEFAULT NULL,
  `TEXT_` varchar(4000) COLLATE utf8_bin DEFAULT NULL,
  `TEXT2_` varchar(4000) COLLATE utf8_bin DEFAULT NULL,
  `CREATE_TIME_` datetime(3) DEFAULT NULL,
  `LAST_UPDATED_TIME_` datetime(3) DEFAULT NULL,
  PRIMARY KEY (`ID_`),
  KEY `ACT_IDX_HI_PROCVAR_PROC_INST` (`PROC_INST_ID_`),
  KEY `ACT_IDX_HI_PROCVAR_NAME_TYPE` (`NAME_`,`VAR_TYPE_`),
  KEY `ACT_IDX_HI_PROCVAR_TASK_ID` (`TASK_ID_`)
) ENGINE=InnoDB DEFAULT CHARSET=utf8 COLLATE=utf8_bin;

-- ----------------------------
-- Records of act_hi_varinst
-- ----------------------------

-- ----------------------------
-- Table structure for act_id_group
-- ----------------------------
DROP TABLE IF EXISTS `act_id_group`;
CREATE TABLE `act_id_group` (
  `ID_` varchar(64) COLLATE utf8_bin NOT NULL,
  `REV_` int(11) DEFAULT NULL,
  `NAME_` varchar(255) COLLATE utf8_bin DEFAULT NULL,
  `TYPE_` varchar(255) COLLATE utf8_bin DEFAULT NULL,
  PRIMARY KEY (`ID_`)
) ENGINE=InnoDB DEFAULT CHARSET=utf8 COLLATE=utf8_bin;

-- ----------------------------
-- Records of act_id_group
-- ----------------------------

-- ----------------------------
-- Table structure for act_id_info
-- ----------------------------
DROP TABLE IF EXISTS `act_id_info`;
CREATE TABLE `act_id_info` (
  `ID_` varchar(64) COLLATE utf8_bin NOT NULL,
  `REV_` int(11) DEFAULT NULL,
  `USER_ID_` varchar(64) COLLATE utf8_bin DEFAULT NULL,
  `TYPE_` varchar(64) COLLATE utf8_bin DEFAULT NULL,
  `KEY_` varchar(255) COLLATE utf8_bin DEFAULT NULL,
  `VALUE_` varchar(255) COLLATE utf8_bin DEFAULT NULL,
  `PASSWORD_` longblob,
  `PARENT_ID_` varchar(255) COLLATE utf8_bin DEFAULT NULL,
  PRIMARY KEY (`ID_`)
) ENGINE=InnoDB DEFAULT CHARSET=utf8 COLLATE=utf8_bin;

-- ----------------------------
-- Records of act_id_info
-- ----------------------------

-- ----------------------------
-- Table structure for act_id_membership
-- ----------------------------
DROP TABLE IF EXISTS `act_id_membership`;
CREATE TABLE `act_id_membership` (
  `USER_ID_` varchar(64) COLLATE utf8_bin NOT NULL,
  `GROUP_ID_` varchar(64) COLLATE utf8_bin NOT NULL,
  PRIMARY KEY (`USER_ID_`,`GROUP_ID_`),
  KEY `ACT_FK_MEMB_GROUP` (`GROUP_ID_`),
  CONSTRAINT `ACT_FK_MEMB_GROUP` FOREIGN KEY (`GROUP_ID_`) REFERENCES `act_id_group` (`ID_`),
  CONSTRAINT `ACT_FK_MEMB_USER` FOREIGN KEY (`USER_ID_`) REFERENCES `act_id_user` (`ID_`)
) ENGINE=InnoDB DEFAULT CHARSET=utf8 COLLATE=utf8_bin;

-- ----------------------------
-- Records of act_id_membership
-- ----------------------------

-- ----------------------------
-- Table structure for act_id_user
-- ----------------------------
DROP TABLE IF EXISTS `act_id_user`;
CREATE TABLE `act_id_user` (
  `ID_` varchar(64) COLLATE utf8_bin NOT NULL,
  `REV_` int(11) DEFAULT NULL,
  `FIRST_` varchar(255) COLLATE utf8_bin DEFAULT NULL,
  `LAST_` varchar(255) COLLATE utf8_bin DEFAULT NULL,
  `EMAIL_` varchar(255) COLLATE utf8_bin DEFAULT NULL,
  `PWD_` varchar(255) COLLATE utf8_bin DEFAULT NULL,
  `PICTURE_ID_` varchar(64) COLLATE utf8_bin DEFAULT NULL,
  PRIMARY KEY (`ID_`)
) ENGINE=InnoDB DEFAULT CHARSET=utf8 COLLATE=utf8_bin;

-- ----------------------------
-- Records of act_id_user
-- ----------------------------

-- ----------------------------
-- Table structure for act_procdef_info
-- ----------------------------
DROP TABLE IF EXISTS `act_procdef_info`;
CREATE TABLE `act_procdef_info` (
  `ID_` varchar(64) COLLATE utf8_bin NOT NULL,
  `PROC_DEF_ID_` varchar(64) COLLATE utf8_bin NOT NULL,
  `REV_` int(11) DEFAULT NULL,
  `INFO_JSON_ID_` varchar(64) COLLATE utf8_bin DEFAULT NULL,
  PRIMARY KEY (`ID_`),
  UNIQUE KEY `ACT_UNIQ_INFO_PROCDEF` (`PROC_DEF_ID_`),
  KEY `ACT_IDX_INFO_PROCDEF` (`PROC_DEF_ID_`),
  KEY `ACT_FK_INFO_JSON_BA` (`INFO_JSON_ID_`),
  CONSTRAINT `ACT_FK_INFO_JSON_BA` FOREIGN KEY (`INFO_JSON_ID_`) REFERENCES `act_ge_bytearray` (`ID_`),
  CONSTRAINT `ACT_FK_INFO_PROCDEF` FOREIGN KEY (`PROC_DEF_ID_`) REFERENCES `act_re_procdef` (`ID_`)
) ENGINE=InnoDB DEFAULT CHARSET=utf8 COLLATE=utf8_bin;

-- ----------------------------
-- Records of act_procdef_info
-- ----------------------------

-- ----------------------------
-- Table structure for act_re_deployment
-- ----------------------------
DROP TABLE IF EXISTS `act_re_deployment`;
CREATE TABLE `act_re_deployment` (
  `ID_` varchar(64) COLLATE utf8_bin NOT NULL,
  `NAME_` varchar(255) COLLATE utf8_bin DEFAULT NULL,
  `CATEGORY_` varchar(255) COLLATE utf8_bin DEFAULT NULL,
  `TENANT_ID_` varchar(255) COLLATE utf8_bin DEFAULT '',
  `DEPLOY_TIME_` timestamp(3) NULL DEFAULT NULL,
  PRIMARY KEY (`ID_`)
) ENGINE=InnoDB DEFAULT CHARSET=utf8 COLLATE=utf8_bin;

-- ----------------------------
-- Records of act_re_deployment
-- ----------------------------

-- ----------------------------
-- Table structure for act_re_model
-- ----------------------------
DROP TABLE IF EXISTS `act_re_model`;
CREATE TABLE `act_re_model` (
  `ID_` varchar(64) COLLATE utf8_bin NOT NULL,
  `REV_` int(11) DEFAULT NULL,
  `NAME_` varchar(255) COLLATE utf8_bin DEFAULT NULL,
  `KEY_` varchar(255) COLLATE utf8_bin DEFAULT NULL,
  `CATEGORY_` varchar(255) COLLATE utf8_bin DEFAULT NULL,
  `CREATE_TIME_` timestamp(3) NULL DEFAULT NULL,
  `LAST_UPDATE_TIME_` timestamp(3) NULL DEFAULT NULL,
  `VERSION_` int(11) DEFAULT NULL,
  `META_INFO_` varchar(4000) COLLATE utf8_bin DEFAULT NULL,
  `DEPLOYMENT_ID_` varchar(64) COLLATE utf8_bin DEFAULT NULL,
  `EDITOR_SOURCE_VALUE_ID_` varchar(64) COLLATE utf8_bin DEFAULT NULL,
  `EDITOR_SOURCE_EXTRA_VALUE_ID_` varchar(64) COLLATE utf8_bin DEFAULT NULL,
  `TENANT_ID_` varchar(255) COLLATE utf8_bin DEFAULT '',
  PRIMARY KEY (`ID_`),
  KEY `ACT_FK_MODEL_SOURCE` (`EDITOR_SOURCE_VALUE_ID_`),
  KEY `ACT_FK_MODEL_SOURCE_EXTRA` (`EDITOR_SOURCE_EXTRA_VALUE_ID_`),
  KEY `ACT_FK_MODEL_DEPLOYMENT` (`DEPLOYMENT_ID_`),
  CONSTRAINT `ACT_FK_MODEL_DEPLOYMENT` FOREIGN KEY (`DEPLOYMENT_ID_`) REFERENCES `act_re_deployment` (`ID_`),
  CONSTRAINT `ACT_FK_MODEL_SOURCE` FOREIGN KEY (`EDITOR_SOURCE_VALUE_ID_`) REFERENCES `act_ge_bytearray` (`ID_`),
  CONSTRAINT `ACT_FK_MODEL_SOURCE_EXTRA` FOREIGN KEY (`EDITOR_SOURCE_EXTRA_VALUE_ID_`) REFERENCES `act_ge_bytearray` (`ID_`)
) ENGINE=InnoDB DEFAULT CHARSET=utf8 COLLATE=utf8_bin;

-- ----------------------------
-- Records of act_re_model
-- ----------------------------
INSERT INTO `act_re_model` VALUES ('020a36545c244be68285e8a87454e96b', '2', '模型名称', 'Urge', null, '2017-02-17 08:34:22.000', '2017-02-17 08:34:23.000', '1', '{\"name\":\"模型名称\",\"revision\":1,\"description\":\"模型描述信息\"}', null, '0ef169687ce144fda70fc1d90540a701', null, '');
INSERT INTO `act_re_model` VALUES ('0d3e2ee8208a40dd90dd62431ddec461', '6', '领导审批', 'Urge', null, '2017-02-16 18:34:53.000', '2017-02-17 14:14:52.000', '1', '{\"name\":\"领导审批\",\"revision\":1,\"description\":\"模型描述信息\"}', null, '631353aa92694f55982775cc3ed62e4a', '83d967aa4d3046c08f74b023d6427498', '');
INSERT INTO `act_re_model` VALUES ('23c1ffcfe7914eb582089c49094347da', '2', '模型名称', 'Urge', null, '2017-02-16 18:38:34.000', '2017-02-16 18:38:34.000', '1', '{\"name\":\"模型名称\",\"revision\":1,\"description\":\"模型描述信息\"}', null, 'd2892937bcba445bb5fec76f7b83ec69', null, '');
INSERT INTO `act_re_model` VALUES ('5c17064b299d4f24a9a4e3288ccaeba2', '2', '模型名称', 'Urge', null, '2017-02-16 16:08:32.000', '2017-02-16 16:08:32.000', '1', '{\"name\":\"模型名称\",\"revision\":1,\"description\":\"模型描述信息\"}', null, '1a107e262d1747b69a2eda6d61417bf9', null, '');
INSERT INTO `act_re_model` VALUES ('77ca17df5fe841378dba20df7c7e5bf0', '2', '模型名称', 'Urge', null, '2017-02-16 16:01:14.000', '2017-02-16 16:01:14.000', '1', '{\"name\":\"模型名称\",\"revision\":1,\"description\":\"模型描述信息\"}', null, '42122fce5952476783bf465d9b2b4908', null, '');
INSERT INTO `act_re_model` VALUES ('dd98c5499ccf48348ffadbfcab56fb27', '2', '模型名称', 'Urge', null, '2017-02-16 19:43:29.000', '2017-02-16 19:43:29.000', '1', '{\"name\":\"模型名称\",\"revision\":1,\"description\":\"模型描述信息\"}', null, 'b67de4fde4254351b7a78eca1932069c', null, '');
INSERT INTO `act_re_model` VALUES ('e3970dd8cd5c49f5b50667a8cc3a1fe5', '2', '模型名称', 'Urge', null, '2017-02-16 18:40:07.000', '2017-02-16 18:40:07.000', '1', '{\"name\":\"模型名称\",\"revision\":1,\"description\":\"模型描述信息\"}', null, 'a39a1953caef4f059b156625b551c435', null, '');

-- ----------------------------
-- Table structure for act_re_procdef
-- ----------------------------
DROP TABLE IF EXISTS `act_re_procdef`;
CREATE TABLE `act_re_procdef` (
  `ID_` varchar(64) COLLATE utf8_bin NOT NULL,
  `REV_` int(11) DEFAULT NULL,
  `CATEGORY_` varchar(255) COLLATE utf8_bin DEFAULT NULL,
  `NAME_` varchar(255) COLLATE utf8_bin DEFAULT NULL,
  `KEY_` varchar(255) COLLATE utf8_bin NOT NULL,
  `VERSION_` int(11) NOT NULL,
  `DEPLOYMENT_ID_` varchar(64) COLLATE utf8_bin DEFAULT NULL,
  `RESOURCE_NAME_` varchar(4000) COLLATE utf8_bin DEFAULT NULL,
  `DGRM_RESOURCE_NAME_` varchar(4000) COLLATE utf8_bin DEFAULT NULL,
  `DESCRIPTION_` varchar(4000) COLLATE utf8_bin DEFAULT NULL,
  `HAS_START_FORM_KEY_` tinyint(4) DEFAULT NULL,
  `HAS_GRAPHICAL_NOTATION_` tinyint(4) DEFAULT NULL,
  `SUSPENSION_STATE_` int(11) DEFAULT NULL,
  `TENANT_ID_` varchar(255) COLLATE utf8_bin DEFAULT '',
  PRIMARY KEY (`ID_`),
  UNIQUE KEY `ACT_UNIQ_PROCDEF` (`KEY_`,`VERSION_`,`TENANT_ID_`)
) ENGINE=InnoDB DEFAULT CHARSET=utf8 COLLATE=utf8_bin;

-- ----------------------------
-- Records of act_re_procdef
-- ----------------------------

-- ----------------------------
-- Table structure for act_ru_event_subscr
-- ----------------------------
DROP TABLE IF EXISTS `act_ru_event_subscr`;
CREATE TABLE `act_ru_event_subscr` (
  `ID_` varchar(64) COLLATE utf8_bin NOT NULL,
  `REV_` int(11) DEFAULT NULL,
  `EVENT_TYPE_` varchar(255) COLLATE utf8_bin NOT NULL,
  `EVENT_NAME_` varchar(255) COLLATE utf8_bin DEFAULT NULL,
  `EXECUTION_ID_` varchar(64) COLLATE utf8_bin DEFAULT NULL,
  `PROC_INST_ID_` varchar(64) COLLATE utf8_bin DEFAULT NULL,
  `ACTIVITY_ID_` varchar(64) COLLATE utf8_bin DEFAULT NULL,
  `CONFIGURATION_` varchar(255) COLLATE utf8_bin DEFAULT NULL,
  `CREATED_` timestamp(3) NOT NULL DEFAULT CURRENT_TIMESTAMP(3),
  `PROC_DEF_ID_` varchar(64) COLLATE utf8_bin DEFAULT NULL,
  `TENANT_ID_` varchar(255) COLLATE utf8_bin DEFAULT '',
  PRIMARY KEY (`ID_`),
  KEY `ACT_IDX_EVENT_SUBSCR_CONFIG_` (`CONFIGURATION_`),
  KEY `ACT_FK_EVENT_EXEC` (`EXECUTION_ID_`),
  CONSTRAINT `ACT_FK_EVENT_EXEC` FOREIGN KEY (`EXECUTION_ID_`) REFERENCES `act_ru_execution` (`ID_`)
) ENGINE=InnoDB DEFAULT CHARSET=utf8 COLLATE=utf8_bin;

-- ----------------------------
-- Records of act_ru_event_subscr
-- ----------------------------

-- ----------------------------
-- Table structure for act_ru_execution
-- ----------------------------
DROP TABLE IF EXISTS `act_ru_execution`;
CREATE TABLE `act_ru_execution` (
  `ID_` varchar(64) COLLATE utf8_bin NOT NULL,
  `REV_` int(11) DEFAULT NULL,
  `PROC_INST_ID_` varchar(64) COLLATE utf8_bin DEFAULT NULL,
  `BUSINESS_KEY_` varchar(255) COLLATE utf8_bin DEFAULT NULL,
  `PARENT_ID_` varchar(64) COLLATE utf8_bin DEFAULT NULL,
  `PROC_DEF_ID_` varchar(64) COLLATE utf8_bin DEFAULT NULL,
  `SUPER_EXEC_` varchar(64) COLLATE utf8_bin DEFAULT NULL,
  `ACT_ID_` varchar(255) COLLATE utf8_bin DEFAULT NULL,
  `IS_ACTIVE_` tinyint(4) DEFAULT NULL,
  `IS_CONCURRENT_` tinyint(4) DEFAULT NULL,
  `IS_SCOPE_` tinyint(4) DEFAULT NULL,
  `IS_EVENT_SCOPE_` tinyint(4) DEFAULT NULL,
  `SUSPENSION_STATE_` int(11) DEFAULT NULL,
  `CACHED_ENT_STATE_` int(11) DEFAULT NULL,
  `TENANT_ID_` varchar(255) COLLATE utf8_bin DEFAULT '',
  `NAME_` varchar(255) COLLATE utf8_bin DEFAULT NULL,
  `LOCK_TIME_` timestamp(3) NULL DEFAULT NULL,
  PRIMARY KEY (`ID_`),
  KEY `ACT_IDX_EXEC_BUSKEY` (`BUSINESS_KEY_`),
  KEY `ACT_FK_EXE_PROCINST` (`PROC_INST_ID_`),
  KEY `ACT_FK_EXE_PARENT` (`PARENT_ID_`),
  KEY `ACT_FK_EXE_SUPER` (`SUPER_EXEC_`),
  KEY `ACT_FK_EXE_PROCDEF` (`PROC_DEF_ID_`),
  CONSTRAINT `ACT_FK_EXE_PARENT` FOREIGN KEY (`PARENT_ID_`) REFERENCES `act_ru_execution` (`ID_`),
  CONSTRAINT `ACT_FK_EXE_PROCDEF` FOREIGN KEY (`PROC_DEF_ID_`) REFERENCES `act_re_procdef` (`ID_`),
  CONSTRAINT `ACT_FK_EXE_PROCINST` FOREIGN KEY (`PROC_INST_ID_`) REFERENCES `act_ru_execution` (`ID_`) ON DELETE CASCADE ON UPDATE CASCADE,
  CONSTRAINT `ACT_FK_EXE_SUPER` FOREIGN KEY (`SUPER_EXEC_`) REFERENCES `act_ru_execution` (`ID_`)
) ENGINE=InnoDB DEFAULT CHARSET=utf8 COLLATE=utf8_bin;

-- ----------------------------
-- Records of act_ru_execution
-- ----------------------------

-- ----------------------------
-- Table structure for act_ru_identitylink
-- ----------------------------
DROP TABLE IF EXISTS `act_ru_identitylink`;
CREATE TABLE `act_ru_identitylink` (
  `ID_` varchar(64) COLLATE utf8_bin NOT NULL,
  `REV_` int(11) DEFAULT NULL,
  `GROUP_ID_` varchar(255) COLLATE utf8_bin DEFAULT NULL,
  `TYPE_` varchar(255) COLLATE utf8_bin DEFAULT NULL,
  `USER_ID_` varchar(255) COLLATE utf8_bin DEFAULT NULL,
  `TASK_ID_` varchar(64) COLLATE utf8_bin DEFAULT NULL,
  `PROC_INST_ID_` varchar(64) COLLATE utf8_bin DEFAULT NULL,
  `PROC_DEF_ID_` varchar(64) COLLATE utf8_bin DEFAULT NULL,
  PRIMARY KEY (`ID_`),
  KEY `ACT_IDX_IDENT_LNK_USER` (`USER_ID_`),
  KEY `ACT_IDX_IDENT_LNK_GROUP` (`GROUP_ID_`),
  KEY `ACT_IDX_ATHRZ_PROCEDEF` (`PROC_DEF_ID_`),
  KEY `ACT_FK_TSKASS_TASK` (`TASK_ID_`),
  KEY `ACT_FK_IDL_PROCINST` (`PROC_INST_ID_`),
  CONSTRAINT `ACT_FK_ATHRZ_PROCEDEF` FOREIGN KEY (`PROC_DEF_ID_`) REFERENCES `act_re_procdef` (`ID_`),
  CONSTRAINT `ACT_FK_IDL_PROCINST` FOREIGN KEY (`PROC_INST_ID_`) REFERENCES `act_ru_execution` (`ID_`),
  CONSTRAINT `ACT_FK_TSKASS_TASK` FOREIGN KEY (`TASK_ID_`) REFERENCES `act_ru_task` (`ID_`)
) ENGINE=InnoDB DEFAULT CHARSET=utf8 COLLATE=utf8_bin;

-- ----------------------------
-- Records of act_ru_identitylink
-- ----------------------------

-- ----------------------------
-- Table structure for act_ru_job
-- ----------------------------
DROP TABLE IF EXISTS `act_ru_job`;
CREATE TABLE `act_ru_job` (
  `ID_` varchar(64) COLLATE utf8_bin NOT NULL,
  `REV_` int(11) DEFAULT NULL,
  `TYPE_` varchar(255) COLLATE utf8_bin NOT NULL,
  `LOCK_EXP_TIME_` timestamp(3) NULL DEFAULT NULL,
  `LOCK_OWNER_` varchar(255) COLLATE utf8_bin DEFAULT NULL,
  `EXCLUSIVE_` tinyint(1) DEFAULT NULL,
  `EXECUTION_ID_` varchar(64) COLLATE utf8_bin DEFAULT NULL,
  `PROCESS_INSTANCE_ID_` varchar(64) COLLATE utf8_bin DEFAULT NULL,
  `PROC_DEF_ID_` varchar(64) COLLATE utf8_bin DEFAULT NULL,
  `RETRIES_` int(11) DEFAULT NULL,
  `EXCEPTION_STACK_ID_` varchar(64) COLLATE utf8_bin DEFAULT NULL,
  `EXCEPTION_MSG_` varchar(4000) COLLATE utf8_bin DEFAULT NULL,
  `DUEDATE_` timestamp(3) NULL DEFAULT NULL,
  `REPEAT_` varchar(255) COLLATE utf8_bin DEFAULT NULL,
  `HANDLER_TYPE_` varchar(255) COLLATE utf8_bin DEFAULT NULL,
  `HANDLER_CFG_` varchar(4000) COLLATE utf8_bin DEFAULT NULL,
  `TENANT_ID_` varchar(255) COLLATE utf8_bin DEFAULT '',
  PRIMARY KEY (`ID_`),
  KEY `ACT_FK_JOB_EXCEPTION` (`EXCEPTION_STACK_ID_`),
  CONSTRAINT `ACT_FK_JOB_EXCEPTION` FOREIGN KEY (`EXCEPTION_STACK_ID_`) REFERENCES `act_ge_bytearray` (`ID_`)
) ENGINE=InnoDB DEFAULT CHARSET=utf8 COLLATE=utf8_bin;

-- ----------------------------
-- Records of act_ru_job
-- ----------------------------

-- ----------------------------
-- Table structure for act_ru_task
-- ----------------------------
DROP TABLE IF EXISTS `act_ru_task`;
CREATE TABLE `act_ru_task` (
  `ID_` varchar(64) COLLATE utf8_bin NOT NULL,
  `REV_` int(11) DEFAULT NULL,
  `EXECUTION_ID_` varchar(64) COLLATE utf8_bin DEFAULT NULL,
  `PROC_INST_ID_` varchar(64) COLLATE utf8_bin DEFAULT NULL,
  `PROC_DEF_ID_` varchar(64) COLLATE utf8_bin DEFAULT NULL,
  `NAME_` varchar(255) COLLATE utf8_bin DEFAULT NULL,
  `PARENT_TASK_ID_` varchar(64) COLLATE utf8_bin DEFAULT NULL,
  `DESCRIPTION_` varchar(4000) COLLATE utf8_bin DEFAULT NULL,
  `TASK_DEF_KEY_` varchar(255) COLLATE utf8_bin DEFAULT NULL,
  `OWNER_` varchar(255) COLLATE utf8_bin DEFAULT NULL,
  `ASSIGNEE_` varchar(255) COLLATE utf8_bin DEFAULT NULL,
  `DELEGATION_` varchar(64) COLLATE utf8_bin DEFAULT NULL,
  `PRIORITY_` int(11) DEFAULT NULL,
  `CREATE_TIME_` timestamp(3) NULL DEFAULT NULL,
  `DUE_DATE_` datetime(3) DEFAULT NULL,
  `CATEGORY_` varchar(255) COLLATE utf8_bin DEFAULT NULL,
  `SUSPENSION_STATE_` int(11) DEFAULT NULL,
  `TENANT_ID_` varchar(255) COLLATE utf8_bin DEFAULT '',
  `FORM_KEY_` varchar(255) COLLATE utf8_bin DEFAULT NULL,
  PRIMARY KEY (`ID_`),
  KEY `ACT_IDX_TASK_CREATE` (`CREATE_TIME_`),
  KEY `ACT_FK_TASK_EXE` (`EXECUTION_ID_`),
  KEY `ACT_FK_TASK_PROCINST` (`PROC_INST_ID_`),
  KEY `ACT_FK_TASK_PROCDEF` (`PROC_DEF_ID_`),
  CONSTRAINT `ACT_FK_TASK_EXE` FOREIGN KEY (`EXECUTION_ID_`) REFERENCES `act_ru_execution` (`ID_`),
  CONSTRAINT `ACT_FK_TASK_PROCDEF` FOREIGN KEY (`PROC_DEF_ID_`) REFERENCES `act_re_procdef` (`ID_`),
  CONSTRAINT `ACT_FK_TASK_PROCINST` FOREIGN KEY (`PROC_INST_ID_`) REFERENCES `act_ru_execution` (`ID_`)
) ENGINE=InnoDB DEFAULT CHARSET=utf8 COLLATE=utf8_bin;

-- ----------------------------
-- Records of act_ru_task
-- ----------------------------

-- ----------------------------
-- Table structure for act_ru_variable
-- ----------------------------
DROP TABLE IF EXISTS `act_ru_variable`;
CREATE TABLE `act_ru_variable` (
  `ID_` varchar(64) COLLATE utf8_bin NOT NULL,
  `REV_` int(11) DEFAULT NULL,
  `TYPE_` varchar(255) COLLATE utf8_bin NOT NULL,
  `NAME_` varchar(255) COLLATE utf8_bin NOT NULL,
  `EXECUTION_ID_` varchar(64) COLLATE utf8_bin DEFAULT NULL,
  `PROC_INST_ID_` varchar(64) COLLATE utf8_bin DEFAULT NULL,
  `TASK_ID_` varchar(64) COLLATE utf8_bin DEFAULT NULL,
  `BYTEARRAY_ID_` varchar(64) COLLATE utf8_bin DEFAULT NULL,
  `DOUBLE_` double DEFAULT NULL,
  `LONG_` bigint(20) DEFAULT NULL,
  `TEXT_` varchar(4000) COLLATE utf8_bin DEFAULT NULL,
  `TEXT2_` varchar(4000) COLLATE utf8_bin DEFAULT NULL,
  PRIMARY KEY (`ID_`),
  KEY `ACT_IDX_VARIABLE_TASK_ID` (`TASK_ID_`),
  KEY `ACT_FK_VAR_EXE` (`EXECUTION_ID_`),
  KEY `ACT_FK_VAR_PROCINST` (`PROC_INST_ID_`),
  KEY `ACT_FK_VAR_BYTEARRAY` (`BYTEARRAY_ID_`),
  CONSTRAINT `ACT_FK_VAR_BYTEARRAY` FOREIGN KEY (`BYTEARRAY_ID_`) REFERENCES `act_ge_bytearray` (`ID_`),
  CONSTRAINT `ACT_FK_VAR_EXE` FOREIGN KEY (`EXECUTION_ID_`) REFERENCES `act_ru_execution` (`ID_`),
  CONSTRAINT `ACT_FK_VAR_PROCINST` FOREIGN KEY (`PROC_INST_ID_`) REFERENCES `act_ru_execution` (`ID_`)
) ENGINE=InnoDB DEFAULT CHARSET=utf8 COLLATE=utf8_bin;

-- ----------------------------
-- Records of act_ru_variable
-- ----------------------------

-- ----------------------------
-- Table structure for sys_department
-- ----------------------------
DROP TABLE IF EXISTS `sys_department`;
CREATE TABLE `sys_department` (
  `ids` varchar(32) COLLATE utf8_bin NOT NULL,
  `version` bigint(20) DEFAULT NULL,
  `allchildnodeids` varchar(2000) COLLATE utf8_bin DEFAULT NULL,
  `departmentlevel` bigint(20) DEFAULT NULL,
  `depttype` char(1) COLLATE utf8_bin DEFAULT NULL,
  `description` varchar(200) COLLATE utf8_bin DEFAULT NULL,
  `images` varchar(50) COLLATE utf8_bin DEFAULT NULL,
  `isparent` varchar(5) COLLATE utf8_bin DEFAULT NULL,
  `names` varchar(25) COLLATE utf8_bin DEFAULT NULL,
  `orderids` bigint(20) DEFAULT NULL,
  `url` varchar(100) COLLATE utf8_bin DEFAULT NULL,
  `parentdepartmentids` varchar(32) COLLATE utf8_bin DEFAULT NULL,
  `principaluserids` varchar(32) COLLATE utf8_bin DEFAULT NULL,
  PRIMARY KEY (`ids`)
) ENGINE=InnoDB DEFAULT CHARSET=utf8 COLLATE=utf8_bin;

-- ----------------------------
-- Records of sys_department
-- ----------------------------
INSERT INTO `sys_department` VALUES ('8a40c0353fa828a6013fa898d4ac0026', '0', null, '-1', null, '根节点', '1_open.png', 'true', '公司部门组织结构', '1', '#', null, null);
INSERT INTO `sys_department` VALUES ('8a40c0353fa828a6013fa898d4ac0027', '0', null, '0', null, '系统平台部', '2.png', 'true', '系统平台部', '0', null, '8a40c0353fa828a6013fa898d4ac0026', null);
INSERT INTO `sys_department` VALUES ('8a40c0353fa828a6013fa898d4ac0028', '0', null, '0', null, '运维部', '3.png', 'false', '运维部', '0', null, '8a40c0353fa828a6013fa898d4ac0027', '03a44ba0aa4e4905bea726d4da976ba5');
INSERT INTO `sys_department` VALUES ('8a40c0353fa828a6013fa898d4ac0029', '0', null, '0', null, '测试账户', '4.png', 'true', '测试部门', '0', null, '8a40c0353fa828a6013fa898d4ac0026', null);
INSERT INTO `sys_department` VALUES ('8a40c0353fa828a6013fa898d4ac0030', '0', null, '0', null, '子部门2', '5.png', 'true', '平台组', '0', null, '8a40c0353fa828a6013fa898d4ac0029', '03a44ba0aa4e4905bea726d4da976ba5');

-- ----------------------------
-- Table structure for sys_menu
-- ----------------------------
DROP TABLE IF EXISTS `sys_menu`;
CREATE TABLE `sys_menu` (
  `id` varchar(32) COLLATE utf8_bin NOT NULL,
  `name` varchar(25) COLLATE utf8_bin DEFAULT NULL,
  `operatorid` varchar(32) COLLATE utf8_bin DEFAULT NULL,
  `parent_id` varchar(32) COLLATE utf8_bin DEFAULT NULL,
  `isparent` varchar(5) COLLATE utf8_bin DEFAULT NULL,
  `sort` int(20) DEFAULT NULL,
  `icon` varchar(50) COLLATE utf8_bin DEFAULT '0' COMMENT '图标',
  `description` varchar(500) COLLATE utf8_bin DEFAULT '',
  PRIMARY KEY (`id`)
) ENGINE=InnoDB DEFAULT CHARSET=utf8 COLLATE=utf8_bin;

-- ----------------------------
-- Records of sys_menu
-- ----------------------------
INSERT INTO `sys_menu` VALUES ('011c41bf7cba494d8292fe98819a3699', '菜单管理', 'e014ddc2059840e892e52e913771ab07', '1', null, '1', null, '菜单管理');
INSERT INTO `sys_menu` VALUES ('1', '系统设置', '0', '#root', 'true', '1', null, null);
INSERT INTO `sys_menu` VALUES ('2', '权限管理', '0', '#root', 'false', '2', null, null);
INSERT INTO `sys_menu` VALUES ('22', '角色管理', '847faa0e5c1c45ca9d93921e992ab70f', '2', 'false', '3', null, null);
INSERT INTO `sys_menu` VALUES ('22dbf72b7f3a45f1ab96d3c469ccaacc', '模块管理', '8ef57c6468434b5ca2778eacfc0c6281', '2', null, '1', null, '模块管理');
INSERT INTO `sys_menu` VALUES ('3', '内容管理', '0', '#root', 'false', '3', null, null);
INSERT INTO `sys_menu` VALUES ('4', '流程管理', '0', '#root', 'false', '99', null, null);
INSERT INTO `sys_menu` VALUES ('42', '模型管理', 'c36e438a5c3043a893ccb94961140ad4', '4', 'false', '0', null, null);
INSERT INTO `sys_menu` VALUES ('5e94601e6981471bad51720e2bc88b0f', '用户管理', 'cbd7ce182bf84cc599084f7d7b9ec496', '1', null, '2', null, null);
INSERT INTO `sys_menu` VALUES ('c4b9a44386634b4c8d3607f539f7b46d', '功能管理', '1d43c5350d46472cb7bfedb7435c69c7', '2', null, '2', null, '功能管理');

-- ----------------------------
-- Table structure for sys_module
-- ----------------------------
DROP TABLE IF EXISTS `sys_module`;
CREATE TABLE `sys_module` (
  `id` varchar(32) COLLATE utf8_bin NOT NULL,
  `version` bigint(20) DEFAULT '0',
  `description` varchar(200) COLLATE utf8_bin DEFAULT NULL,
  `image` varchar(50) COLLATE utf8_bin DEFAULT NULL,
  `isparent` varchar(5) COLLATE utf8_bin DEFAULT NULL,
  `name` varchar(50) COLLATE utf8_bin DEFAULT NULL,
  `sort` int(20) DEFAULT NULL,
  `parent_id` varchar(32) COLLATE utf8_bin DEFAULT NULL,
  `system_id` varchar(32) COLLATE utf8_bin DEFAULT NULL,
  PRIMARY KEY (`id`)
) ENGINE=InnoDB DEFAULT CHARSET=utf8 COLLATE=utf8_bin;

-- ----------------------------
-- Records of sys_module
-- ----------------------------
INSERT INTO `sys_module` VALUES ('0dd06fb576ba4c24b36f7e4f0799d17c', '0', '内容管理', null, null, '内容管理', '2', '9a40c0353fa828a6013fa898d4ac2200', null);
INSERT INTO `sys_module` VALUES ('4eba0ed9d5de43ce8f9f97aee8a5872d', '0', '岗位管理', null, null, '岗位管理', '2', '8a40c0353fa828a6013fa898d4ac1100', null);
INSERT INTO `sys_module` VALUES ('70db0f59266340b1b920f0700686f6e9', '0', '用户管理', null, null, '用户管理', '4', '8a40c0353fa828a6013fa898d4ac1100', null);
INSERT INTO `sys_module` VALUES ('7208ed07a2d74eec9dc17f89d50bdf5a', '0', '角色管理', null, null, '角色管理', '3', '8a40c0353fa828a6013fa898d4ac2200', null);
INSERT INTO `sys_module` VALUES ('79e798cb6e49498ca1930163183192c6', '0', '菜单管理', null, null, '菜单管理', '1', '8a40c0353fa828a6013fa898d4ac1100', null);
INSERT INTO `sys_module` VALUES ('7ffc0a07fa014b4d86db6f5325b6671e', '0', '模块管理', null, null, '模块管理', '1', '8a40c0353fa828a6013fa898d4ac2200', null);
INSERT INTO `sys_module` VALUES ('8a40c0353fa828a6013fa898d4ac0020', '0', '流程管理', null, null, '流程管理', '4', '#root', null);
INSERT INTO `sys_module` VALUES ('8a40c0353fa828a6013fa898d4ac1100', '0', '系统设置', null, null, '系统设置', '1', '#root', null);
INSERT INTO `sys_module` VALUES ('8a40c0353fa828a6013fa898d4ac2200', '0', '权限管理', null, null, '权限管理', '2', '#root', null);
INSERT INTO `sys_module` VALUES ('9a40c0353fa828a6013fa898d4ac2200', '0', '内容管理', null, null, '内容管理', '3', '#root', null);
INSERT INTO `sys_module` VALUES ('a1ed0f0685754901bf4d2ad8934476ce', '0', '运行中的流程', null, null, '运行中的流程', '0', '8a40c0353fa828a6013fa898d4ac0020', null);
INSERT INTO `sys_module` VALUES ('b32fcab21c7f4bf0bd63ec6c0666939a', '0', '组织结构', null, null, '组织结构', '3', '8a40c0353fa828a6013fa898d4ac1100', null);
INSERT INTO `sys_module` VALUES ('ebc31da9d364434290e4d1ea4ad7fd6c', '0', '模型管理', null, null, '模型管理', '0', '8a40c0353fa828a6013fa898d4ac0020', null);
INSERT INTO `sys_module` VALUES ('f8160d4ca2fb4b59960060e2fcc1be1c', '0', '功能管理', null, null, '功能管理', '2', '8a40c0353fa828a6013fa898d4ac2200', null);
INSERT INTO `sys_module` VALUES ('ff750f65eeef4d00b0360afe320b5db1', '0', '栏目管理', null, null, '栏目管理', '1', '9a40c0353fa828a6013fa898d4ac2200', null);

-- ----------------------------
-- Table structure for sys_operate
-- ----------------------------
DROP TABLE IF EXISTS `sys_operate`;
CREATE TABLE `sys_operate` (
  `id` varchar(32) COLLATE utf8_bin NOT NULL,
  `version` bigint(20) DEFAULT NULL,
  `permission` varchar(100) COLLATE utf8_bin DEFAULT NULL,
  `description` varchar(200) COLLATE utf8_bin DEFAULT NULL,
  `name` varchar(25) COLLATE utf8_bin DEFAULT NULL,
  `one_many` char(1) COLLATE utf8_bin DEFAULT NULL,
  `return_url` varchar(200) COLLATE utf8_bin DEFAULT NULL,
  `row_filter` char(1) COLLATE utf8_bin DEFAULT NULL,
  `url` varchar(200) COLLATE utf8_bin DEFAULT NULL,
  `module_id` varchar(32) COLLATE utf8_bin DEFAULT NULL,
  `form_token` char(1) COLLATE utf8_bin DEFAULT '0',
  `ip_black` char(1) COLLATE utf8_bin DEFAULT '0',
  `privilegess` char(1) COLLATE utf8_bin DEFAULT '1',
  `module_name` varchar(50) COLLATE utf8_bin DEFAULT NULL,
  `sort` varchar(50) COLLATE utf8_bin DEFAULT NULL,
  PRIMARY KEY (`id`),
  KEY `onemanyindex` (`one_many`) USING BTREE,
  KEY `returnurlindex` (`return_url`) USING BTREE,
  KEY `rowfilterindex` (`row_filter`) USING BTREE,
  KEY `urlindex` (`url`) USING BTREE
) ENGINE=InnoDB DEFAULT CHARSET=utf8 COLLATE=utf8_bin;

-- ----------------------------
-- Records of sys_operate
-- ----------------------------
INSERT INTO `sys_operate` VALUES ('1d43c5350d46472cb7bfedb7435c69c7', null, 'admin:operate:list', '功能管理-查询列表', '查询列表', null, null, null, '/admin/operate/getListPage', 'f8160d4ca2fb4b59960060e2fcc1be1c', '0', '0', '1', null, '0');
INSERT INTO `sys_operate` VALUES ('847faa0e5c1c45ca9d93921e992ab70f', null, 'admin:role:list', '角色管理-查询角色列表', '查询角色列表', null, null, null, '/admin/role/getListPage', '7208ed07a2d74eec9dc17f89d50bdf5a', '0', '0', '1', null, '0');
INSERT INTO `sys_operate` VALUES ('8ef57c6468434b5ca2778eacfc0c6281', null, 'admin:module:list', '模块管理-模块查询列表', '模块查询列表', null, null, null, '/admin/module/getListPage', '7ffc0a07fa014b4d86db6f5325b6671e', '0', '0', '1', null, '0');
INSERT INTO `sys_operate` VALUES ('c36e438a5c3043a893ccb94961140ad4', null, 'admin:model:list', '模型管理-模型查询列表', '模型查询列表', null, null, null, '/admin/model/getListPage', 'ebc31da9d364434290e4d1ea4ad7fd6c', '0', '0', '1', null, '0');
INSERT INTO `sys_operate` VALUES ('cbd7ce182bf84cc599084f7d7b9ec496', null, null, '用户管理-查询列表', '查询列表', null, null, null, '/admin/user/getListPage', '70db0f59266340b1b920f0700686f6e9', '0', '0', '1', null, '0');
INSERT INTO `sys_operate` VALUES ('e014ddc2059840e892e52e913771ab07', null, 'admin:menu:list', '菜单管理-查询列表', '查询列表', null, null, null, '/admin/menu/getListPage', '79e798cb6e49498ca1930163183192c6', '0', '0', '1', null, '1');

-- ----------------------------
-- Table structure for sys_role
-- ----------------------------
DROP TABLE IF EXISTS `sys_role`;
CREATE TABLE `sys_role` (
  `id` varchar(32) COLLATE utf8_bin NOT NULL,
  `version` bigint(20) DEFAULT NULL,
  `key` varchar(50) COLLATE utf8_bin DEFAULT NULL,
  `name` varchar(50) COLLATE utf8_bin DEFAULT NULL,
  `description` varchar(2000) COLLATE utf8_bin DEFAULT NULL,
  PRIMARY KEY (`id`)
) ENGINE=InnoDB DEFAULT CHARSET=utf8 COLLATE=utf8_bin;

-- ----------------------------
-- Records of sys_role
-- ----------------------------
INSERT INTO `sys_role` VALUES ('8a40c0353fa828a6013fa898d4ac0023', '2', 'SuperAdmin', '超级管理员', '超级管理员');
INSERT INTO `sys_role` VALUES ('c65364171504454daa4c614f5d941848', null, 'WorkFlowManager', '流程管理员', '流程管理员');

-- ----------------------------
-- Table structure for sys_roleoperator
-- ----------------------------
DROP TABLE IF EXISTS `sys_roleoperator`;
CREATE TABLE `sys_roleoperator` (
  `id` varchar(32) COLLATE utf8_bin NOT NULL COMMENT '??',
  `role_id` varchar(32) COLLATE utf8_bin DEFAULT NULL COMMENT '??ids',
  `operator_id` varchar(32) COLLATE utf8_bin DEFAULT NULL COMMENT '??ids',
  PRIMARY KEY (`id`)
) ENGINE=InnoDB DEFAULT CHARSET=utf8 COLLATE=utf8_bin COMMENT='????';

-- ----------------------------
-- Records of sys_roleoperator
-- ----------------------------
INSERT INTO `sys_roleoperator` VALUES ('1035438d01e4496795e031069a8f009e', '8a40c0353fa828a6013fa898d4ac0023', 'cbd7ce182bf84cc599084f7d7b9ec496');
INSERT INTO `sys_roleoperator` VALUES ('44598022cdcb43de9d445244430f75ad', '8a40c0353fa828a6013fa898d4ac0023', '1d43c5350d46472cb7bfedb7435c69c7');
INSERT INTO `sys_roleoperator` VALUES ('8a758d67267042f683ad6cd9d65bbb6b', '8a40c0353fa828a6013fa898d4ac0023', 'e014ddc2059840e892e52e913771ab07');
INSERT INTO `sys_roleoperator` VALUES ('c9a762d22aee42a99b3db7edc8b100f0', '8a40c0353fa828a6013fa898d4ac0023', '847faa0e5c1c45ca9d93921e992ab70f');
INSERT INTO `sys_roleoperator` VALUES ('eaf22e3bff4942caaf1f2b919c0c636e', '8a40c0353fa828a6013fa898d4ac0023', 'c36e438a5c3043a893ccb94961140ad4');
INSERT INTO `sys_roleoperator` VALUES ('ef7a00ca2fe249559f27b38e3c162db2', '8a40c0353fa828a6013fa898d4ac0023', '8ef57c6468434b5ca2778eacfc0c6281');

-- ----------------------------
-- Table structure for sys_user
-- ----------------------------
DROP TABLE IF EXISTS `sys_user`;
CREATE TABLE `sys_user` (
  `id` varchar(32) COLLATE utf8_bin NOT NULL,
  `orderid` bigint(20) DEFAULT NULL,
  `username` varchar(50) COLLATE utf8_bin DEFAULT NULL,
  `password` varchar(500) COLLATE utf8_bin DEFAULT NULL,
  `name` varchar(25) COLLATE utf8_bin DEFAULT NULL COMMENT '姓名',
  `salt` varchar(500) COLLATE utf8_bin DEFAULT NULL,
  `status` char(1) COLLATE utf8_bin DEFAULT '1',
  `stopdate` timestamp NULL DEFAULT NULL ON UPDATE CURRENT_TIMESTAMP COMMENT '退出时间',
  `departmentid` varchar(32) COLLATE utf8_bin DEFAULT NULL COMMENT '部门ID',
  `stationid` text COLLATE utf8_bin COMMENT '岗位ID',
  `email` varchar(100) COLLATE utf8_bin DEFAULT NULL,
  `idcard` varchar(25) COLLATE utf8_bin DEFAULT NULL COMMENT '身份证号',
  `mobile` varchar(20) COLLATE utf8_bin DEFAULT NULL,
  PRIMARY KEY (`id`),
  KEY `usernameindex` (`username`) USING BTREE
) ENGINE=InnoDB DEFAULT CHARSET=utf8 COLLATE=utf8_bin;

-- ----------------------------
-- Records of sys_user
-- ----------------------------
INSERT INTO `sys_user` VALUES ('7ac6e4c544634e179f78803d5ba2d0ca', null, 'li', '$shiro1$SHA-256$500000$56SC2R0XL99zt0LK9FLSUA==$MVu7AoGVACwR2ZCzmom/+tvmne9NImydsMbgTP6zKrw=', null, null, '1', null, null, null, null, null, null);

-- ----------------------------
-- Table structure for sys_userinfo
-- ----------------------------
DROP TABLE IF EXISTS `sys_userinfo`;
CREATE TABLE `sys_userinfo` (
  `ids` varchar(32) COLLATE utf8_bin NOT NULL,
  `version` bigint(20) DEFAULT NULL,
  `address` varchar(300) COLLATE utf8_bin DEFAULT NULL,
  `addressinfo` varchar(300) COLLATE utf8_bin DEFAULT NULL,
  `avoirdupois` varchar(5) COLLATE utf8_bin DEFAULT NULL,
  `birthday` date DEFAULT NULL,
  `bloodgroup` varchar(15) COLLATE utf8_bin DEFAULT NULL,
  `clientlevelend` timestamp NULL DEFAULT NULL ON UPDATE CURRENT_TIMESTAMP,
  `clientlevelstart` timestamp NULL DEFAULT NULL,
  `culture` varchar(30) COLLATE utf8_bin DEFAULT NULL,
  `description` varchar(200) COLLATE utf8_bin DEFAULT NULL,
  `finishschooldate` date DEFAULT NULL,
  `folk` varchar(20) COLLATE utf8_bin DEFAULT NULL,
  `government` varchar(25) COLLATE utf8_bin DEFAULT NULL,
  `homepage` varchar(100) COLLATE utf8_bin DEFAULT NULL,
  `householder` varchar(20) COLLATE utf8_bin DEFAULT NULL,
  `marriage` varchar(20) COLLATE utf8_bin DEFAULT NULL,
  `msn` varchar(20) COLLATE utf8_bin DEFAULT NULL,
  `nativityaddress` varchar(20) COLLATE utf8_bin DEFAULT NULL,
  `postboy` varchar(6) COLLATE utf8_bin DEFAULT NULL,
  `qq` varchar(20) COLLATE utf8_bin DEFAULT NULL,
  `schoolname` varchar(20) COLLATE utf8_bin DEFAULT NULL,
  `sex` varchar(5) COLLATE utf8_bin DEFAULT NULL,
  `speciality` varchar(20) COLLATE utf8_bin DEFAULT NULL,
  `stature` varchar(5) COLLATE utf8_bin DEFAULT NULL,
  `telephone` varchar(20) COLLATE utf8_bin DEFAULT NULL,
  PRIMARY KEY (`ids`),
  KEY `bloodgroupindex` (`bloodgroup`) USING BTREE,
  KEY `msnindex` (`msn`) USING BTREE,
  KEY `nativityaddressindex` (`nativityaddress`) USING BTREE,
  KEY `postboyindex` (`postboy`) USING BTREE,
  KEY `schoolnameindex` (`schoolname`) USING BTREE,
  KEY `specialityindex` (`speciality`) USING BTREE
) ENGINE=InnoDB DEFAULT CHARSET=utf8 COLLATE=utf8_bin;

-- ----------------------------
-- Records of sys_userinfo
-- ----------------------------

-- ----------------------------
-- Table structure for sys_userrole
-- ----------------------------
DROP TABLE IF EXISTS `sys_userrole`;
CREATE TABLE `sys_userrole` (
  `id` varchar(32) NOT NULL,
  `user_id` varchar(32) DEFAULT NULL,
  `role_id` varchar(32) DEFAULT NULL,
  PRIMARY KEY (`id`)
) ENGINE=InnoDB DEFAULT CHARSET=utf8;

-- ----------------------------
-- Records of sys_userrole
-- ----------------------------
INSERT INTO `sys_userrole` VALUES ('1', '7ac6e4c544634e179f78803d5ba2d0ca', '8a40c0353fa828a6013fa898d4ac0023');
